x,y
0,0.5
1,0.9
2,0
3,0.6
4,0.6
5,0.8
6,0.3
7,0.8
8,0.7
9,1
10,0.1
11,0.4
12,0.3
13,0.2
14,0.3
15,0.6
16,0.7
17,0.4
18,0.9
19,0.4
20,0.9
21,0.8
22,1
23,0.2
24,0.9
25,0.6
26,0.6
27,1
28,0.2
29,0.2
30,0.5
31,0.8
32,0.2
33,0.5
34,0.8
35,0.9
36,0.6
37,0.4
38,0.6
39,0.5
40,0.4
41,0.2
42,0.7
43,0.8
44,0.1
45,0.7
46,0.6
47,0.8
48,0
49,0.2
50,1
51,0.7
52,0.8
53,0.5
54,0.2
55,0.1
56,0.7
57,0.3
58,0.9
59,0
60,0.7
61,0.6
62,1
63,0.5
64,1
65,0.6
66,0.8
67,0.6
68,0.9
69,0.5
70,0.4
71,0.8
72,0.7
73,0
74,0.9
75,0.6
76,0.5
77,0.8
78,1
79,0.1
80,0.2
81,0.7
82,0
83,0.7
84,0.8
85,1
86,1
87,0.1
88,0.5
89,0.7
90,0
91,0.3
92,0.4
93,0.3
94,0.4
95,0.7
96,0.2
97,0.8
98,0.8
99,0.8
100,0.5
101,0.2
102,1
103,0.7
104,0.9
105,0.6
106,1
107,0.8
108,0.9
109,0.1
110,0.7
111,0.9
112,0.2
113,0.5
114,0.2
115,0
116,1
117,0.2
118,0.7
119,0.6
120,0.6
121,0.9
122,0.3
123,0.8
124,1
125,0.4
126,0.5
127,0.6
128,0.4
129,0.8
130,0.4
131,0.6
132,0.6
133,0.4
134,0.5
135,0.4
136,0.1
137,1
138,0.8
139,0.3
140,0.8
141,0
142,0.7
143,0.7
144,0.1
145,0
146,0.1
147,0.4
148,0.6
149,1
150,0
151,0.8
152,0.5
153,0.3
154,0.3
155,0.4
156,0.3
157,0.9
158,0.2
159,0
160,0.9
161,0.6
162,0
163,1
164,0.4
165,0.2
166,0.7
167,0.9
168,0.9
169,0
170,0.5
171,0.5
172,0.8
173,0.1
174,0.6
175,0.7
176,0.6
177,0.5
178,0.1
179,0.7
180,0.1
181,0.6
182,0.1
183,0.6
184,0.1
185,0.1
186,0.4
187,0.4
188,0.9
189,0.7
190,0.9
191,0.9
192,0.6
193,0.3
194,1
195,0.8
196,0.6
197,0.9
198,0.7
199,0.9
200,0.4
201,0.6
202,0.4
203,0.6
204,0.8
205,0.8
206,0.4
207,1
208,0.2
209,0.2
210,0.2
211,0
212,0.8
213,0.2
214,0.2
215,0.2
216,0.1
217,0.6
218,0.2
219,0.8
220,0.5
221,0
222,0.2
223,0.4
224,0.9
225,0.2
226,0.6
227,1
228,1
229,0.1
230,0.6
231,0.7
232,0.4
233,0.8
234,1
235,0.1
236,0.6
237,0.7
238,0.3
239,0.1
240,0.6
241,0.2
242,0.5
243,1
244,0.5
245,0.3
246,0.2
247,0.8
248,0.4
249,0
250,0.5
251,0.9
252,1
253,0.8
254,0.8
255,0.9
256,0.5
257,0.2
258,0.3
259,0.2
260,0.9
261,0.5
262,0.1
263,0.6
264,0.9
265,0.8
266,0.5
267,0.5
268,1
269,0.1
270,0.7
271,0.2
272,0.5
273,0.2
274,0.8
275,0
276,0.6
277,0.4
278,0.7
279,0.7
280,0.8
281,1
282,0.6
283,0.2
284,0.9
285,0.2
286,0.3
287,0.6
288,0.4
289,0.1
290,1
291,0.1
292,0.8
293,0.8
294,0.3
295,0.1
296,0.9
297,0.4
298,0.8
299,0.1
300,0.8
301,0.4
302,0.2
303,0.6
304,0.2
305,0.2
306,0.3
307,0.5
308,0.2
309,0.5
310,0.2
311,0.3
312,0.3
313,0.6
314,0.9
315,0.9
316,0.2
317,0.3
318,0.6
319,0.2
320,0.1
321,0
322,0.4
323,1
324,0.6
325,0.7
326,0.9
327,0.5
328,0.6
329,0.2
330,0.4
331,0.3
332,0
333,0.2
334,1
335,0.4
336,0.2
337,0
338,0.2
339,0.1
340,0.6
341,0.9
342,0.3
343,0.9
344,0.6
345,0.3
346,0
347,0.8
348,0.3
349,0.2
350,0.8
351,0.5
352,0.4
353,0.3
354,0.4
355,0.8
356,0.9
357,0.7
358,0.5
359,0
360,0.7
361,0.6
362,1
363,0.4
364,0.4
365,0
366,0.3
367,0.3
368,0.8
369,0.4
370,1
371,0.1
372,0.4
373,0.2
374,0.8
375,0.6
376,0.3
377,0.5
378,0.2
379,0.9
380,0.5
381,1
382,0.6
383,0.1
384,0.8
385,0.9
386,0.1
387,0.9
388,0.2
389,0.6
390,0.5
391,0.7
392,0.6
393,0.7
394,0.7
395,0.6
396,0.2
397,1
398,0.7
399,0.4
400,0.6
401,0.2
402,0.3
403,0.8
404,0.4
405,0.8
406,0.9
407,0.3
408,0.1
409,0.7
410,0.8
411,0.5
412,0.6
413,0.1
414,0.1
415,0
416,1
417,0.6
418,0.8
419,0.7
420,0.6
421,0
422,1
423,0.9
424,0.9
425,0.4
426,0.2
427,0.2
428,0.4
429,0.3
430,0.3
431,0.4
432,0.3
433,0.6
434,0.5
435,0.2
436,0.5
437,0.5
438,0.4
439,0.7
440,0.7
441,0.7
442,0.8
443,0.9
444,0.7
445,0.7
446,1
447,0.9
448,0.7
449,0.3
450,0.2
451,0.1
452,0
453,0
454,0.1
455,0.9
456,0.2
457,1
458,0
459,0.7
460,0.4
461,0.3
462,0.3
463,0.5
464,0.9
465,0
466,0.3
467,0.8
468,0.4
469,0.6
470,0.1
471,0.7
472,0.8
473,0.1
474,1
475,0.3
476,0.9
477,0.7
478,0.6
479,0
480,0
481,0.3
482,0.5
483,0.2
484,0.2
485,0.2
486,0.6
487,0.1
488,1
489,1
490,0.9
491,0.7
492,0.9
493,0
494,0.2
495,0
496,0.7
497,0.7
498,0.2
499,0.6
500,0
501,0.3
502,0.9
503,0.1
504,0.8
505,0.5
506,0.9
507,0.4
508,0.2
509,0.5
510,0.8
511,0.1
512,0
513,0.8
514,0.8
515,0.3
516,0.8
517,0.3
518,0.4
519,0.3
520,0.3
521,0.3
522,0.2
523,0.3
524,0.3
525,1
526,0
527,1
528,0.4
529,0.9
530,0
531,0
532,0.5
533,0.1
534,0.7
535,0.7
536,0.2
537,0.4
538,0.6
539,0.5
540,0.1
541,0.1
542,0.4
543,0.3
544,0.6
545,1
546,0.5
547,0.2
548,0.2
549,0.8
550,0.1
551,0.5
552,0.8
553,0.4
554,0
555,0.8
556,0.4
557,0.7
558,0.9
559,0.6
560,0.8
561,0.5
562,0.3
563,0.2
564,0.4
565,0.7
566,0.7
567,0.4
568,0.1
569,0.8
570,0.7
571,1
572,0.4
573,0.5
574,0.8
575,0.1
576,0.3
577,0.4
578,0.1
579,0
580,0.2
581,0.6
582,0.5
583,1
584,0.7
585,0.1
586,0.8
587,0.2
588,0.7
589,0.9
590,0.5
591,0.2
592,0.9
593,0.7
594,0.1
595,0.3
596,0.4
597,0.6
598,0.9
599,0.5
600,1
601,0.7
602,0.3
603,0.6
604,0
605,0.6
606,0.9
607,0.5
608,0.2
609,0.9
610,0.4
611,0.5
612,0.3
613,1
614,0.5
615,0.9
616,0.9
617,0.7
618,0.2
619,0.9
620,0
621,0.4
622,0.4
623,0.2
624,0.7
625,0.1
626,0.9
627,0.6
628,0.2
629,0.7
630,0.1
631,0.6
632,0.1
633,0.4
634,1
635,0.8
636,0.1
637,0.7
638,0.4
639,0.1
640,0
641,0.5
642,0
643,0
644,0.5
645,0.1
646,0.6
647,0.1
648,1
649,0
650,0.7
651,0.6
652,1
653,0.3
654,0.5
655,0.2
656,0
657,0.3
658,0.2
659,1
660,1
661,0.6
662,0.7
663,0.7
664,0.2
665,0.4
666,0.3
667,1
668,0.9
669,0.4
670,0.2
671,0.3
672,0.6
673,0.3
674,0.7
675,0.7
676,0.1
677,0
678,0.5
679,0.7
680,0.5
681,1
682,1
683,0.5
684,0.1
685,0.6
686,0.5
687,0.7
688,0.1
689,0.5
690,0.7
691,0.5
692,0.8
693,0
694,0.2
695,0.7
696,0.5
697,0
698,0.2
699,0.8
700,0.3
701,0.3
702,0.3
703,0.1
704,0.1
705,0.9
706,0
707,0.6
708,0.4
709,0.1
710,0.3
711,0.8
712,0
713,0.3
714,0.4
715,0.9
716,0.4
717,0.9
718,0.1
719,0.1
720,0.8
721,0.9
722,0.3
723,1
724,0.8
725,1
726,0.8
727,0.5
728,0.4
729,0.1
730,0.2
731,0.1
732,0.3
733,0.9
734,0
735,0.1
736,0.8
737,0.7
738,0.9
739,0.6
740,0.4
741,0.2
742,0.5
743,0.5
744,0.1
745,0.8
746,0.7
747,0.8
748,0.5
749,0.4
750,0.6
751,0.6
752,0.1
753,0.2
754,0.8
755,0.1
756,0.2
757,0.2
758,0
759,1
760,0.6
761,0.9
762,0.8
763,0.9
764,0.1
765,0.1
766,0.5
767,0.2
768,1
769,0
770,0.8
771,0.1
772,1
773,0.5
774,0.1
775,1
776,0
777,0.4
778,0
779,0.1
780,0.1
781,0.6
782,0.5
783,0.2
784,0.2
785,0.3
786,0.7
787,0.8
788,1
789,0.4
790,0.4
791,0.4
792,1
793,0.9
794,0.8
795,0.4
796,0.2
797,0.4
798,0
799,0.8
800,0.2
801,0.1
802,0.8
803,0.8
804,0.1
805,1
806,0.6
807,0.5
808,0.9
809,0.1
810,0
811,0.5
812,0.5
813,0.7
814,0.9
815,0.9
816,1
817,0.5
818,0.9
819,0.8
820,0.7
821,0.9
822,0
823,0.4
824,0.5
825,1
826,0
827,0.9
828,0.1
829,0.8
830,1
831,0.4
832,0.8
833,0.8
834,0.2
835,0
836,0.9
837,0.7
838,0.8
839,1
840,0.3
841,0.8
842,0.5
843,0.8
844,0.6
845,0.7
846,0.3
847,1
848,0
849,0.1
850,0.2
851,0
852,0.8
853,0.9
854,0.2
855,0.5
856,0.4
857,0.9
858,0.3
859,0.7
860,0.9
861,0.7
862,0.8
863,1
864,1
865,0.2
866,1
867,0.7
868,0.6
869,0.5
870,0.9
871,1
872,0.6
873,0.7
874,0.4
875,0.8
876,0.5
877,0
878,0.2
879,0.7
880,0.4
881,0.6
882,0.3
883,0
884,0.4
885,0.8
886,0.2
887,0.7
888,0.2
889,0.4
890,1
891,0
892,0.7
893,0.8
894,0.5
895,0.5
896,0.3
897,0
898,1
899,0.3
900,0.5
901,0.9
902,1
903,0.2
904,0.4
905,0.7
906,0.4
907,0.9
908,1
909,0.2
910,1
911,0
912,0.2
913,0
914,0.9
915,0.3
916,0.8
917,0.8
918,0.9
919,0.2
920,0.6
921,0
922,0.4
923,0.5
924,0.2
925,0.3
926,1
927,0.8
928,0.2
929,0.7
930,1
931,0.2
932,0.2
933,0.2
934,1
935,0.1
936,0.7
937,0.9
938,1
939,0.6
940,0.7
941,0.7
942,0.9
943,0
944,0.8
945,0.8
946,0.9
947,0.7
948,1
949,0.8
950,0.9
951,0.1
952,0.8
953,0.2
954,0.5
955,1
956,0
957,0
958,1
959,0.7
960,0
961,0.1
962,1
963,0.3
964,0.5
965,0.8
966,0.4
967,0.3
968,0.5
969,0.6
970,0.8
971,0.3
972,0.2
973,0.1
974,1
975,0
976,0.7
977,0.6
978,0.9
979,0.3
980,0.2
981,0.4
982,0.2
983,0.1
984,0.8
985,0.7
986,0.6
987,0.7
988,0.5
989,0.3
990,0.1
991,0.4
992,0.7
993,0.7
994,0
995,0.4
996,0.1
997,0.9
998,0.8
999,0.2
1000,0.5
1001,0
1002,0.3
1003,0.7
1004,0.7
1005,0.3
1006,0.1
1007,0.8
1008,0.4
1009,0.9
1010,0.5
1011,1
1012,0.2
1013,0.5
1014,0.8
1015,0
1016,0.8
1017,0.1
1018,1
1019,0.1
1020,0
1021,0
1022,0.7
1023,0.2
1024,0.5
1025,0.4
1026,0.3
1027,1
1028,0.3
1029,0.8
1030,0.9
1031,0.2
1032,0.9
1033,0.9
1034,0.9
1035,1
1036,0.6
1037,0.2
1038,0.8
1039,0.9
1040,0
1041,0.2
1042,0.4
1043,0.8
1044,0.6
1045,0.3
1046,0.3
1047,0.2
1048,0.8
1049,0.6
1050,0.8
1051,0.6
1052,0.7
1053,0.7
1054,0.3
1055,0.7
1056,0.2
1057,0.4
1058,0.8
1059,0.1
1060,0.4
1061,0.9
1062,1
1063,0.5
1064,0.3
1065,1
1066,0.9
1067,0
1068,0.6
1069,1
1070,0.4
1071,0.2
1072,0.1
1073,0.6
1074,0.8
1075,0.7
1076,0.2
1077,0.3
1078,0.5
1079,0.1
1080,0.9
1081,1
1082,0.5
1083,0.7
1084,0.4
1085,0
1086,0.3
1087,0.8
1088,0.6
1089,0.8
1090,0.9
1091,0.8
1092,0.8
1093,0.7
1094,0.5
1095,0.8
1096,0.6
1097,0.7
1098,0.2
1099,1
1100,0
1101,0.1
1102,0.1
1103,0.7
1104,0.2
1105,0.2
1106,0.9
1107,0.2
1108,0.2
1109,0.4
1110,0.9
1111,0.5
1112,0.4
1113,0.4
1114,0.6
1115,0.5
1116,0.7
1117,0.8
1118,0.5
1119,0.3
1120,0.2
1121,0.4
1122,0.7
1123,0.4
1124,0.9
1125,0.7
1126,0.3
1127,0.4
1128,0.3
1129,0.4
1130,0.2
1131,0.5
1132,0.3
1133,0.4
1134,0.1
1135,0.7
1136,0.7
1137,0.6
1138,1
1139,0.2
1140,0.9
1141,1
1142,0.1
1143,0.4
1144,0
1145,0.7
1146,0.9
1147,0.2
1148,0.2
1149,0.9
1150,0.4
1151,0.9
1152,0
1153,0.7
1154,0.1
1155,1
1156,0.7
1157,0
1158,0
1159,0.6
1160,0
1161,0.2
1162,0.9
1163,1
1164,0.2
1165,0.4
1166,0.3
1167,0.5
1168,0.6
1169,0.7
1170,0.8
1171,0.4
1172,0.5
1173,0.8
1174,1
1175,0.2
1176,1
1177,0.2
1178,0.2
1179,0.8
1180,0.4
1181,0.8
1182,0.3
1183,0.1
1184,0.8
1185,0.2
1186,0.8
1187,0.6
1188,0.1
1189,0.5
1190,0.2
1191,0
1192,0.1
1193,0.9
1194,0.8
1195,0.5
1196,0.8
1197,0.3
1198,0.1
1199,0.5
1200,0
1201,0.5
1202,0.2
1203,0.3
1204,0.9
1205,0.7
1206,1
1207,0.1
1208,0.1
1209,0.8
1210,0.1
1211,0.9
1212,0.3
1213,0
1214,0.5
1215,0.5
1216,0.7
1217,0.5
1218,0.3
1219,0
1220,0.9
1221,0.5
1222,0.6
1223,0
1224,0.8
1225,0.2
1226,0.8
1227,0.9
1228,0
1229,0.3
1230,0.2
1231,0.5
1232,0.9
1233,0.1
1234,0
1235,0.5
1236,0.8
1237,0.8
1238,0.6
1239,0.8
1240,0.4
1241,0.3
1242,0.5
1243,0.5
1244,1
1245,0.7
1246,0.4
1247,0.7
1248,0.7
1249,0.3
1250,0.3
1251,0.1
1252,0.6
1253,0
1254,0.9
1255,0.5
1256,0.4
1257,0
1258,0.8
1259,0.4
1260,0.5
1261,0.9
1262,0.2
1263,0.8
1264,0.9
1265,0.7
1266,0.2
1267,0.3
1268,0.6
1269,0
1270,0.6
1271,0.6
1272,0.1
1273,0.7
1274,0.7
1275,0.8
1276,0.8
1277,0.3
1278,0.3
1279,0.4
1280,0.3
1281,0.5
1282,0.7
1283,0.3
1284,0.2
1285,0.1
1286,0.6
1287,1
1288,0.6
1289,0.9
1290,0.3
1291,0.7
1292,0.3
1293,0.3
1294,0.1
1295,0.8
1296,0.8
1297,0.1
1298,0.1
1299,0.2
1300,1
1301,1
1302,0.4
1303,0.5
1304,0.8
1305,0.1
1306,1
1307,0.9
1308,0.8
1309,0
1310,0.2
1311,0.5
1312,0
1313,0.1
1314,0.7
1315,0.1
1316,0.8
1317,0.7
1318,0.5
1319,0.8
1320,0.5
1321,0.7
1322,0.7
1323,0
1324,0.6
1325,0.4
1326,1
1327,0.6
1328,0.8
1329,0.3
1330,0
1331,0.5
1332,0
1333,0.6
1334,0.1
1335,0.6
1336,0.7
1337,0.9
1338,0.4
1339,0.9
1340,1
1341,0.7
1342,0
1343,1
1344,0.1
1345,0.2
1346,0
1347,0.5
1348,0.3
1349,0.7
1350,0.1
1351,0.3
1352,1
1353,1
1354,0.2
1355,1
1356,0.1
1357,0
1358,0.8
1359,0.7
1360,0.8
1361,0.8
1362,0
1363,0
1364,0.9
1365,0.9
1366,0.2
1367,0.1
1368,0.8
1369,0.7
1370,0.6
1371,1
1372,0.8
1373,0.3
1374,1
1375,0.7
1376,0.8
1377,0.2
1378,0.1
1379,0
1380,0.6
1381,0
1382,0.9
1383,0
1384,0.8
1385,0.5
1386,0.8
1387,0.7
1388,0.7
1389,0.1
1390,1
1391,1
1392,0.5
1393,0
1394,0
1395,0.3
1396,0.4
1397,0.4
1398,0.6
1399,0.2
1400,0.7
1401,1
1402,0.3
1403,1
1404,0.1
1405,1
1406,0.9
1407,0.1
1408,0
1409,1
1410,0.3
1411,1
1412,0.3
1413,0.7
1414,0.3
1415,0
1416,0.4
1417,0.1
1418,0.3
1419,0.7
1420,0.2
1421,0.5
1422,0.9
1423,0.5
1424,0.7
1425,0.4
1426,0.9
1427,0.8
1428,0.3
1429,0.2
1430,0.8
1431,1
1432,0.1
1433,0.6
1434,0.5
1435,1
1436,0.2
1437,0.2
1438,0.2
1439,0.1
1440,0.6
1441,0.7
1442,0.3
1443,0.8
1444,0.3
1445,0.3
1446,0.6
1447,1
1448,0.9
1449,0.3
1450,0.8
1451,0.4
1452,0.7
1453,0.2
1454,0.5
1455,0.1
1456,0.8
1457,0.3
1458,0.9
1459,0.4
1460,0.9
1461,0.3
1462,0.4
1463,0.5
1464,0.1
1465,0.7
1466,0.4
1467,0.8
1468,0.6
1469,0.3
1470,0.3
1471,0.7
1472,0.1
1473,0.7
1474,0.6
1475,0.2
1476,0.6
1477,0.6
1478,0.5
1479,0.5
1480,0.4
1481,0
1482,0.7
1483,1
1484,0.1
1485,0.2
1486,0.9
1487,0
1488,0.9
1489,0.5
1490,1
1491,0.9
1492,0.9
1493,1
1494,0.5
1495,0.3
1496,0.1
1497,0.7
1498,0.9
1499,1
1500,0.4
1501,0.9
1502,0.5
1503,0.5
1504,0.7
1505,0.9
1506,0.2
1507,0.1
1508,0.1
1509,1
1510,0.4
1511,0.5
1512,0.6
1513,0.7
1514,0.8
1515,0.7
1516,0.1
1517,0.2
1518,0.4
1519,0.5
1520,0.6
1521,0.2
1522,0.3
1523,0.3
1524,0.6
1525,0.2
1526,0.3
1527,0.2
1528,0.6
1529,0.6
1530,0.1
1531,1
1532,0.1
1533,0.6
1534,0.3
1535,0.2
1536,0.7
1537,0.6
1538,0.6
1539,0.5
1540,0.6
1541,0.8
1542,0.3
1543,0.5
1544,0.6
1545,0.6
1546,0.2
1547,0.9
1548,0.6
1549,0.2
1550,0.9
1551,1
1552,0.6
1553,0.6
1554,0.6
1555,0.6
1556,0.3
1557,0.3
1558,0.5
1559,0.5
1560,0.9
1561,0.9
1562,0.7
1563,0.4
1564,1
1565,0.5
1566,0.5
1567,0.9
1568,0.1
1569,0.2
1570,0.7
1571,0.7
1572,1
1573,0.6
1574,0.1
1575,1
1576,0.6
1577,1
1578,0.9
1579,0.2
1580,0.5
1581,0.9
1582,0.1
1583,0.9
1584,0.5
1585,0.7
1586,0.2
1587,0
1588,1
1589,0.5
1590,1
1591,0.4
1592,0.4
1593,0.4
1594,0.7
1595,0.2
1596,0.3
1597,0.1
1598,0.8
1599,0.7
1600,0.3
1601,0.6
1602,0.9
1603,0.2
1604,1
1605,0.3
1606,0.9
1607,0.4
1608,0.8
1609,0.9
1610,0.7
1611,0.2
1612,0.1
1613,1
1614,0.1
1615,0.8
1616,0.4
1617,0.1
1618,0.9
1619,1
1620,0.5
1621,0.6
1622,0.6
1623,0.7
1624,0.5
1625,1
1626,0.1
1627,0.8
1628,0.7
1629,0.8
1630,0.2
1631,0.9
1632,0.7
1633,0.4
1634,0.8
1635,0.7
1636,0.6
1637,0.2
1638,0.5
1639,0.1
1640,0.3
1641,0.1
1642,0.3
1643,0.8
1644,0
1645,1
1646,0.6
1647,0.1
1648,0
1649,0.5
1650,0.2
1651,0
1652,0.1
1653,0.1
1654,0.2
1655,0
1656,0.4
1657,0.3
1658,0.1
1659,0.2
1660,0
1661,1
1662,0.9
1663,0
1664,0.1
1665,0
1666,0.3
1667,0.6
1668,0.6
1669,0.1
1670,0.1
1671,0.2
1672,0.8
1673,0
1674,0.1
1675,0.7
1676,0
1677,0.6
1678,0.9
1679,0.8
1680,0.1
1681,0
1682,0.5
1683,1
1684,0.3
1685,0.3
1686,0.5
1687,0.5
1688,0.6
1689,0.9
1690,1
1691,0.7
1692,0.1
1693,0.2
1694,1
1695,0.7
1696,0.5
1697,0.9
1698,0.3
1699,0.4
1700,0.5
1701,1
1702,0.4
1703,0.2
1704,0
1705,0
1706,0
1707,1
1708,0.9
1709,0
1710,0
1711,0.3
1712,0.2
1713,0.4
1714,0
1715,0.1
1716,0.6
1717,0.7
1718,1
1719,0.1
1720,0.4
1721,0.9
1722,0.5
1723,0.7
1724,0.8
1725,1
1726,1
1727,0
1728,0.5
1729,0.2
1730,0.6
1731,0.8
1732,0.9
1733,0.6
1734,0.4
1735,1
1736,0
1737,0.9
1738,0.6
1739,0.7
1740,1
1741,0.8
1742,0.2
1743,0.6
1744,0.5
1745,0
1746,0.8
1747,0.2
1748,0.9
1749,0.9
1750,0.3
1751,0.7
1752,0.6
1753,1
1754,0.4
1755,0.6
1756,0.7
1757,0.3
1758,0.6
1759,0.9
1760,0
1761,0.5
1762,0.8
1763,0.8
1764,0.1
1765,0.9
1766,0.4
1767,1
1768,1
1769,0.3
1770,0.8
1771,0.9
1772,0.1
1773,0.3
1774,0.1
1775,0.3
1776,0.7
1777,0.6
1778,0.3
1779,0
1780,0.4
1781,0.1
1782,0.1
1783,0.3
1784,0.7
1785,0.3
1786,0.9
1787,0.3
1788,0.6
1789,0.8
1790,0.8
1791,0.4
1792,0.8
1793,0.5
1794,0.1
1795,1
1796,0
1797,1
1798,0.7
1799,0.9
1800,0.8
1801,0.7
1802,0.5
1803,0.2
1804,0.2
1805,0.8
1806,0.8
1807,1
1808,0.9
1809,1
1810,0.8
1811,0.2
1812,0.3
1813,0.1
1814,0.4
1815,0.4
1816,0.7
1817,1
1818,0.3
1819,0
1820,0.2
1821,0.5
1822,0.7
1823,0.3
1824,0.8
1825,0
1826,0.9
1827,0.3
1828,0.7
1829,0.5
1830,0.9
1831,0.2
1832,0.3
1833,0.6
1834,0.6
1835,1
1836,0.4
1837,0.6
1838,0.1
1839,0.1
1840,0.2
1841,0.4
1842,0.7
1843,0.3
1844,0.3
1845,0.8
1846,0.1
1847,0.7
1848,0.5
1849,0.5
1850,0.4
1851,0.1
1852,0.8
1853,0.6
1854,0.6
1855,0.5
1856,0.2
1857,0.7
1858,1
1859,0.4
1860,0.5
1861,0.1
1862,0.4
1863,0.7
1864,0.3
1865,0.3
1866,0.5
1867,0.4
1868,0.6
1869,1
1870,0.9
1871,0.4
1872,0.4
1873,0.2
1874,0.6
1875,0.3
1876,0.4
1877,0.1
1878,0.3
1879,1
1880,0
1881,0.6
1882,0.1
1883,0.4
1884,0.9
1885,0.2
1886,0.8
1887,0.6
1888,1
1889,0.9
1890,0.6
1891,0.4
1892,0.6
1893,1
1894,0.3
1895,0
1896,0.5
1897,0
1898,0.4
1899,0.6
1900,0
1901,0
1902,0.3
1903,0.9
1904,0
1905,0.9
1906,0.5
1907,0.4
1908,0.9
1909,1
1910,0.2
1911,0.2
1912,0.6
1913,0.6
1914,0.5
1915,0.5
1916,0.4
1917,0.6
1918,0.4
1919,0.8
1920,0.3
1921,0
1922,0.9
1923,0.6
1924,0.1
1925,0.4
1926,0.8
1927,0.1
1928,0.2
1929,0.5
1930,0.8
1931,0.5
1932,0
1933,0
1934,0.1
1935,0.7
1936,0.4
1937,0.2
1938,0.9
1939,1
1940,0.3
1941,0.1
1942,0.5
1943,0.4
1944,0.8
1945,0.2
1946,0.4
1947,0.7
1948,0.6
1949,0.8
1950,0.1
1951,0.5
1952,0.9
1953,1
1954,0.3
1955,0.3
1956,1
1957,0
1958,0.9
1959,0.6
1960,1
1961,0.6
1962,0
1963,0.3
1964,0
1965,0.4
1966,1
1967,0.4
1968,1
1969,0.5
1970,0
1971,0.3
1972,0.7
1973,0.6
1974,0.2
1975,0.3
1976,0.5
1977,0.1
1978,0.7
1979,0.7
1980,0.6
1981,0.4
1982,0.2
1983,1
1984,0.3
1985,0.4
1986,0.9
1987,0.6
1988,0.4
1989,0.9
1990,0.6
1991,0.5
1992,0.2
1993,0.4
1994,0.9
1995,0.4
1996,0.4
1997,0.7
1998,0.7
1999,0.2
2000,0.6
2001,0.6
2002,0.7
2003,0.5
2004,0.8
2005,0.3
2006,0.2
2007,0.2
2008,0.9
2009,0.3
2010,0.5
2011,0.1
2012,1
2013,0.7
2014,0.1
2015,0
2016,0.5
2017,1
2018,0.7
2019,0
2020,0.7
2021,0.3
2022,0.4
2023,0.6
2024,0.6
2025,0.9
2026,0.8
2027,1
2028,0.7
2029,0.9
2030,1
2031,0.8
2032,0.7
2033,0.2
2034,0.8
2035,0
2036,0.9
2037,0.3
2038,0.8
2039,0.6
2040,0.7
2041,0.5
2042,0.2
2043,0.3
2044,0.3
2045,0.8
2046,0.2
2047,0.3
2048,0.9
2049,0
2050,1
2051,0.4
2052,0.7
2053,0.6
2054,0.2
2055,0.5
2056,0.6
2057,0.7
2058,0
2059,0.3
2060,0.4
2061,0.5
2062,0.4
2063,0.3
2064,0.9
2065,0.7
2066,0.5
2067,0.3
2068,1
2069,0.9
2070,0.2
2071,0.8
2072,0.5
2073,0.5
2074,0.2
2075,0.4
2076,0
2077,0.5
2078,1
2079,1
2080,0.1
2081,0.7
2082,0.7
2083,0.2
2084,0.6
2085,0
2086,0.4
2087,0.6
2088,0.7
2089,0.6
2090,0.5
2091,0.6
2092,0.2
2093,0
2094,0.3
2095,0.6
2096,0.9
2097,0.9
2098,0.8
2099,0.8
2100,0.6
2101,0.7
2102,0.9
2103,0.5
2104,0.7
2105,0.5
2106,0.5
2107,0.1
2108,0
2109,0.3
2110,0.5
2111,0.3
2112,1
2113,0.2
2114,1
2115,0.3
2116,0.8
2117,0.2
2118,0.2
2119,0.5
2120,0.1
2121,0.8
2122,0.1
2123,0.4
2124,0.3
2125,0.4
2126,1
2127,0.2
2128,0.2
2129,0.4
2130,0.6
2131,0
2132,0.9
2133,0.5
2134,0.4
2135,0.3
2136,1
2137,1
2138,0.8
2139,0.1
2140,0.5
2141,0.8
2142,0.1
2143,0.6
2144,0.9
2145,0.7
2146,0.6
2147,0.4
2148,0.1
2149,0.9
2150,0.4
2151,0.9
2152,1
2153,0.5
2154,0.7
2155,0.8
2156,0.3
2157,1
2158,0.9
2159,0.4
2160,0.6
2161,0.8
2162,0.1
2163,0.6
2164,0
2165,0.6
2166,0.5
2167,0
2168,0.1
2169,0.4
2170,0.2
2171,0.1
2172,0.7
2173,0.8
2174,0.3
2175,1
2176,0.3
2177,0.4
2178,0
2179,0.7
2180,1
2181,0.4
2182,0.3
2183,0.3
2184,0.9
2185,0.8
2186,0.1
2187,0.6
2188,0.2
2189,0
2190,0
2191,0.6
2192,1
2193,0.8
2194,0.8
2195,0.8
2196,0.5
2197,0.4
2198,0.6
2199,0.1
2200,0
2201,0
2202,0.4
2203,0.7
2204,0
2205,0.6
2206,0.8
2207,0.1
2208,0.9
2209,0.3
2210,0.2
2211,0.6
2212,0.5
2213,0.6
2214,0.8
2215,0.2
2216,0.2
2217,0.4
2218,0.4
2219,0.5
2220,0.4
2221,0.6
2222,1
2223,0.8
2224,1
2225,0.3
2226,0.2
2227,0.6
2228,0
2229,0.9
2230,0.6
2231,0.6
2232,0.4
2233,0.2
2234,1
2235,0.6
2236,0.9
2237,0.8
2238,0
2239,0.2
2240,0.3
2241,0.4
2242,0.9
2243,0.3
2244,0.6
2245,0
2246,0.9
2247,0.9
2248,0.7
2249,0.9
2250,0.1
2251,0.7
2252,0.8
2253,0.1
2254,0.4
2255,1
2256,0.8
2257,0.3
2258,0.5
2259,0.4
2260,0
2261,0.8
2262,0.9
2263,0.6
2264,0.8
2265,0.4
2266,0.7
2267,0.4
2268,0.4
2269,0.7
2270,1
2271,0.5
2272,0.8
2273,0.2
2274,0.2
2275,0.5
2276,0.8
2277,0.6
2278,0.8
2279,0.3
2280,0.7
2281,1
2282,0.1
2283,0.7
2284,0.9
2285,0.9
2286,0.9
2287,0.7
2288,0.9
2289,0
2290,0.3
2291,0.4
2292,0.6
2293,0
2294,0
2295,0.2
2296,0.1
2297,0.1
2298,0.7
2299,0.4
2300,0
2301,0.8
2302,0.5
2303,0
2304,0
2305,0.6
2306,0.1
2307,0.8
2308,0.8
2309,0.1
2310,0.4
2311,0.3
2312,0.5
2313,0.2
2314,0.6
2315,0.7
2316,0.4
2317,1
2318,0.3
2319,0.1
2320,0.9
2321,0.3
2322,0.5
2323,1
2324,0
2325,0.3
2326,0.3
2327,0.9
2328,0.6
2329,0.4
2330,0
2331,0.6
2332,0.4
2333,0.5
2334,0.4
2335,0.7
2336,0.6
2337,0
2338,0.2
2339,1
2340,0.2
2341,0.9
2342,0.3
2343,0
2344,0.1
2345,0
2346,0
2347,0.7
2348,0.3
2349,0.6
2350,0.4
2351,0.4
2352,0.9
2353,0
2354,0.2
2355,0
2356,0.1
2357,0.4
2358,1
2359,1
2360,0.6
2361,0.2
2362,0.8
2363,0.8
2364,0.8
2365,0.4
2366,0.2
2367,0.4
2368,0.7
2369,0.2
2370,0.3
2371,0.1
2372,0.1
2373,0.1
2374,0.6
2375,0.5
2376,0.2
2377,0.1
2378,0.6
2379,0.2
2380,0.7
2381,0
2382,0.2
2383,0.7
2384,1
2385,0.2
2386,1
2387,0.6
2388,0.8
2389,0
2390,0.1
2391,0
2392,0.9
2393,0
2394,0.3
2395,1
2396,0.1
2397,0.6
2398,0.1
2399,0.9
2400,0.8
2401,0
2402,0.2
2403,0.2
2404,0.4
2405,0.2
2406,0.4
2407,0.5
2408,0.8
2409,0.9
2410,0.3
2411,0.7
2412,0.2
2413,0.6
2414,0.8
2415,0.4
2416,0.6
2417,0.5
2418,0.5
2419,0.3
2420,0.8
2421,0.1
2422,0.6
2423,0.2
2424,0.9
2425,0
2426,0.4
2427,0.9
2428,0.9
2429,0.6
2430,0.4
2431,0.2
2432,0.5
2433,0.8
2434,0.8
2435,0.4
2436,0.6
2437,0.2
2438,0.9
2439,0.5
2440,0.4
2441,0.6
2442,0.3
2443,0.4
2444,0.3
2445,0.3
2446,0.9
2447,0.4
2448,0.7
2449,0.3
2450,0.4
2451,0.1
2452,0.8
2453,0.1
2454,0.9
2455,0.5
2456,0.6
2457,0.2
2458,1
2459,0.5
2460,0.8
2461,0.8
2462,0.7
2463,0.6
2464,1
2465,0.9
2466,0.9
2467,0.5
2468,0.6
2469,0.1
2470,0.6
2471,1
2472,0.5
2473,0.9
2474,0.6
2475,0.8
2476,0.9
2477,0.9
2478,0.2
2479,0.2
2480,0.4
2481,0
2482,1
2483,0.7
2484,0.8
2485,1
2486,0.8
2487,1
2488,0.2
2489,0.5
2490,0.6
2491,0.1
2492,0.8
2493,1
2494,0.2
2495,0.2
2496,0.5
2497,0.7
2498,0.5
2499,0.4
2500,0.5
2501,0.7
2502,0.4
2503,0.8
2504,0
2505,1
2506,0.3
2507,0.3
2508,0.6
2509,1
2510,0.4
2511,0.5
2512,0.7
2513,0.4
2514,0.5
2515,0.5
2516,0
2517,0.4
2518,0.4
2519,0.4
2520,0.7
2521,0.3
2522,0.1
2523,0
2524,0.1
2525,0.1
2526,0.8
2527,0.5
2528,0.4
2529,0.1
2530,0.1
2531,0.9
2532,0.6
2533,0.3
2534,1
2535,0.8
2536,0.7
2537,0.5
2538,0.8
2539,0.3
2540,0.3
2541,0.4
2542,0.9
2543,0.2
2544,0.9
2545,0.4
2546,0.4
2547,0.3
2548,0.3
2549,0.3
2550,0.7
2551,0
2552,0
2553,0.2
2554,0.5
2555,0
2556,0
2557,0.7
2558,0.4
2559,0.3
2560,0.2
2561,0.4
2562,0.1
2563,0.8
2564,0.7
2565,0.1
2566,0.8
2567,0.1
2568,1
2569,0.2
2570,0.3
2571,0.1
2572,0.8
2573,0
2574,0.7
2575,0
2576,0.5
2577,0.6
2578,0.1
2579,0.7
2580,0.8
2581,0.1
2582,0.4
2583,1
2584,0.9
2585,0
2586,0.8
2587,0
2588,0.6
2589,1
2590,1
2591,0.9
2592,0.6
2593,0.6
2594,0.6
2595,0.4
2596,1
2597,0.6
2598,0.8
2599,0.8
2600,1
2601,0.1
2602,0.9
2603,0.1
2604,0.9
2605,0.8
2606,0.6
2607,0.5
2608,0
2609,0.6
2610,0
2611,0.2
2612,0.8
2613,0.5
2614,0.5
2615,0.8
2616,0.2
2617,0.6
2618,0
2619,0.1
2620,0
2621,0.2
2622,0.5
2623,0
2624,0.5
2625,1
2626,0.8
2627,0.7
2628,0.3
2629,0.9
2630,0.4
2631,0.5
2632,0.7
2633,0.6
2634,0.1
2635,0.9
2636,0.5
2637,0.7
2638,0.1
2639,0.7
2640,0
2641,1
2642,0.2
2643,1
2644,0.9
2645,0.9
2646,0.8
2647,0.8
2648,0.8
2649,0.8
2650,0.2
2651,1
2652,0.7
2653,0.5
2654,0.6
2655,0
2656,0.4
2657,0.5
2658,0.9
2659,0.2
2660,0.3
2661,0.1
2662,0.5
2663,0.2
2664,0.7
2665,0.7
2666,0.7
2667,0.1
2668,0.5
2669,0.4
2670,0.3
2671,0.6
2672,0.5
2673,0.2
2674,0.7
2675,0
2676,0.2
2677,0.7
2678,0.8
2679,0.5
2680,0.9
2681,0.1
2682,0
2683,0.6
2684,0.1
2685,0.4
2686,0.8
2687,0.8
2688,0.6
2689,0.2
2690,0.5
2691,0.4
2692,0.9
2693,0
2694,0.9
2695,0.6
2696,0.8
2697,0.2
2698,0.4
2699,0.8
2700,0.1
2701,0.5
2702,0.5
2703,0.4
2704,0.2
2705,0.8
2706,0.6
2707,0.6
2708,0.7
2709,0.2
2710,0.6
2711,0.1
2712,0
2713,0.5
2714,0.2
2715,0.6
2716,0.9
2717,0.9
2718,1
2719,0.2
2720,0.7
2721,0.5
2722,0.4
2723,0.4
2724,0.5
2725,0.8
2726,0.6
2727,0
2728,0.3
2729,0.7
2730,1
2731,0.4
2732,0.3
2733,0.4
2734,1
2735,0.1
2736,0.2
2737,1
2738,1
2739,0.4
2740,0.5
2741,0.3
2742,0.6
2743,0.5
2744,0.2
2745,0
2746,0
2747,1
2748,0.9
2749,0.9
2750,0.8
2751,0
2752,0.8
2753,0.7
2754,0.2
2755,0.9
2756,0.1
2757,0.2
2758,0.9
2759,0.5
2760,0.9
2761,0.2
2762,0.1
2763,0.1
2764,0
2765,0
2766,0.1
2767,0.4
2768,0.1
2769,0
2770,0.1
2771,0.5
2772,0.8
2773,0.7
2774,0.2
2775,0.4
2776,0.8
2777,0.6
2778,0.4
2779,0.6
2780,0.9
2781,0.9
2782,0.4
2783,0.4
2784,0
2785,1
2786,0.6
2787,0.7
2788,0.3
2789,0.7
2790,0.1
2791,0.6
2792,0.5
2793,0.8
2794,1
2795,0.3
2796,0.4
2797,0.1
2798,0.3
2799,0.3
2800,0.3
2801,0
2802,0.1
2803,0.4
2804,0.4
2805,0.9
2806,0
2807,0.6
2808,0.2
2809,0.2
2810,1
2811,0.7
2812,0
2813,0.1
2814,0.9
2815,0.5
2816,0.4
2817,0.5
2818,0.8
2819,0.8
2820,0.9
2821,0.5
2822,0.8
2823,0
2824,0.5
2825,0.2
2826,0.8
2827,0.9
2828,0.5
2829,0.3
2830,0
2831,0.1
2832,1
2833,0
2834,0.5
2835,1
2836,0.2
2837,0.4
2838,0.6
2839,0.7
2840,0.9
2841,0.6
2842,0.9
2843,0.8
2844,0.8
2845,0.4
2846,0.5
2847,0.2
2848,0.5
2849,0.3
2850,1
2851,0.5
2852,0.1
2853,0.6
2854,0.4
2855,0.2
2856,0
2857,0.4
2858,0.8
2859,1
2860,0
2861,0.6
2862,0.5
2863,0.9
2864,0.5
2865,0.1
2866,0.4
2867,0.5
2868,0.4
2869,0.9
2870,0.8
2871,0.5
2872,0
2873,0.7
2874,0.3
2875,0.8
2876,0.5
2877,0.2
2878,0.8
2879,0.8
2880,0.5
2881,0.7
2882,0.9
2883,0.3
2884,0
2885,0.5
2886,0.8
2887,1
2888,0.8
2889,0.9
2890,1
2891,0.2
2892,0.3
2893,0.1
2894,0.3
2895,0
2896,0.6
2897,0.3
2898,0.8
2899,0.3
2900,0.1
2901,0.9
2902,0.3
2903,0.9
2904,0.3
2905,0.3
2906,0.8
2907,0.3
2908,0
2909,0.5
2910,0.3
2911,0.9
2912,0.2
2913,0.2
2914,0.3
2915,0
2916,0
2917,0.8
2918,0
2919,0.9
2920,0.8
2921,0.2
2922,1
2923,0
2924,0.8
2925,0.8
2926,0.1
2927,0.3
2928,0
2929,0.4
2930,0.7
2931,1
2932,0.2
2933,0.8
2934,0.5
2935,0.4
2936,0.8
2937,0
2938,0.5
2939,0
2940,0.9
2941,0.4
2942,0.5
2943,0.3
2944,1
2945,0.8
2946,0.8
2947,0
2948,0.6
2949,0.5
2950,0.3
2951,0.5
2952,0.4
2953,0.5
2954,0.1
2955,0.4
2956,0.3
2957,0.9
2958,1
2959,0.7
2960,0.3
2961,0.9
2962,0.6
2963,0.3
2964,1
2965,0
2966,0.6
2967,0.2
2968,0
2969,0.7
2970,0.9
2971,0.8
2972,0.1
2973,0.6
2974,0.6
2975,0.6
2976,0.1
2977,0.3
2978,0.5
2979,0
2980,0.5
2981,0
2982,0.2
2983,0.1
2984,0.2
2985,0.5
2986,0.3
2987,0.5
2988,0.4
2989,0.3
2990,0.5
2991,0.9
2992,0.5
2993,0.9
2994,0.9
2995,0.2
2996,0.4
2997,0.9
2998,0.6
2999,0.1
3000,0.9
3001,0.4
3002,0.7
3003,0.4
3004,0.5
3005,0.6
3006,0.7
3007,0.9
3008,0.5
3009,0.1
3010,0.8
3011,0.8
3012,0
3013,1
3014,0
3015,1
3016,0.8
3017,0.5
3018,0.9
3019,0.7
3020,0.2
3021,1
3022,0.3
3023,0.6
3024,0.2
3025,1
3026,0.1
3027,1
3028,0.7
3029,0.2
3030,0.5
3031,0.7
3032,0.7
3033,0.5
3034,0.7
3035,1
3036,0.8
3037,0
3038,0.5
3039,1
3040,0.7
3041,0.9
3042,0
3043,0
3044,0.3
3045,0.5
3046,0.2
3047,0.6
3048,0.2
3049,0.7
3050,0.3
3051,1
3052,0.2
3053,1
3054,0.6
3055,1
3056,0.8
3057,0.1
3058,0.7
3059,0.1
3060,0.3
3061,0.2
3062,0.4
3063,0.4
3064,0.7
3065,0.2
3066,1
3067,0.3
3068,0.7
3069,0
3070,0.9
3071,1
3072,0.2
3073,0.6
3074,0.1
3075,0.6
3076,0.8
3077,0.6
3078,0.4
3079,0
3080,0
3081,0.4
3082,1
3083,0.3
3084,0.7
3085,0.5
3086,0.7
3087,0.6
3088,0.2
3089,0.3
3090,0.4
3091,1
3092,1
3093,0
3094,0.4
3095,0.4
3096,0.4
3097,0.4
3098,0.6
3099,0.4
3100,0.7
3101,0.1
3102,0.4
3103,0.3
3104,0
3105,0.5
3106,0.1
3107,1
3108,0.4
3109,1
3110,1
3111,0.2
3112,0.4
3113,0.8
3114,0.3
3115,0.6
3116,0.4
3117,0
3118,0
3119,0.7
3120,0
3121,0.1
3122,0.1
3123,0.9
3124,0.7
3125,0.4
3126,0.5
3127,0.7
3128,0.9
3129,0
3130,0.5
3131,0.6
3132,0.8
3133,0.5
3134,0.2
3135,0.6
3136,0.1
3137,1
3138,0
3139,0.2
3140,0.3
3141,0.7
3142,1
3143,0.1
3144,0.3
3145,0.1
3146,0.5
3147,0.4
3148,1
3149,0.1
3150,0.6
3151,1
3152,0.2
3153,0.1
3154,0.5
3155,0.4
3156,0.6
3157,0.3
3158,0.8
3159,0
3160,0.6
3161,0.7
3162,0
3163,0.4
3164,0.5
3165,0.7
3166,0.5
3167,0.4
3168,0.6
3169,0.8
3170,0.1
3171,0.7
3172,0.6
3173,0.2
3174,0.4
3175,0
3176,0.6
3177,0
3178,0.1
3179,0.3
3180,0.6
3181,0.9
3182,0.2
3183,0.8
3184,0.9
3185,0.1
3186,0.4
3187,0
3188,0.8
3189,0.7
3190,0.7
3191,0.4
3192,0.2
3193,0.7
3194,0.9
3195,0.5
3196,0.5
3197,0.9
3198,0.5
3199,0.5
3200,0.7
3201,0.9
3202,0.4
3203,0.7
3204,0.8
3205,0.8
3206,0.9
3207,0
3208,0.6
3209,0.3
3210,0.9
3211,0
3212,0.6
3213,0.7
3214,0
3215,0.5
3216,0
3217,0.2
3218,0.3
3219,0.9
3220,0.7
3221,0.7
3222,0.8
3223,0.3
3224,1
3225,0.5
3226,0.2
3227,0
3228,0
3229,0.3
3230,0.5
3231,0.5
3232,0.4
3233,0.9
3234,0
3235,0.8
3236,0.7
3237,0.4
3238,0.2
3239,0.5
3240,0.1
3241,0.6
3242,0.2
3243,0.7
3244,0.6
3245,0.8
3246,0.8
3247,0.9
3248,1
3249,0.8
3250,0.1
3251,0.2
3252,0.4
3253,0
3254,0.8
3255,0.9
3256,0.5
3257,0.5
3258,0.1
3259,0.3
3260,0.6
3261,0.3
3262,0.9
3263,0
3264,0.1
3265,0.8
3266,0.3
3267,0.7
3268,0.9
3269,0.1
3270,0.4
3271,0.8
3272,0.1
3273,1
3274,0.1
3275,0.6
3276,0.6
3277,0.4
3278,0.3
3279,0.6
3280,0.8
3281,0.1
3282,0
3283,0.1
3284,1
3285,0
3286,0.5
3287,0.1
3288,0.4
3289,1
3290,0.3
3291,0.2
3292,0.4
3293,1
3294,0.1
3295,0.2
3296,0.5
3297,1
3298,0.1
3299,0.5
3300,0.5
3301,0.9
3302,0.5
3303,0
3304,0.5
3305,1
3306,0.5
3307,0.6
3308,0.1
3309,0.5
3310,0.1
3311,0.4
3312,0.8
3313,0.7
3314,0.6
3315,0.7
3316,0.6
3317,0.2
3318,0.1
3319,0.6
3320,0.7
3321,0.1
3322,0.1
3323,1
3324,0.1
3325,0.2
3326,0.2
3327,0.5
3328,0.4
3329,0.7
3330,0.4
3331,0.6
3332,0.9
3333,0.5
3334,0.1
3335,0.6
3336,0.8
3337,0.3
3338,0.3
3339,0.8
3340,0.2
3341,0.4
3342,0.8
3343,0.8
3344,0.7
3345,0.3
3346,0
3347,0
3348,0.6
3349,1
3350,0.9
3351,0.9
3352,0.5
3353,0
3354,0.8
3355,0.6
3356,0.2
3357,0.1
3358,0.3
3359,0.9
3360,0.7
3361,0.2
3362,0
3363,0.9
3364,0
3365,0
3366,0.2
3367,0.6
3368,0.8
3369,0.3
3370,0.1
3371,0.5
3372,0.9
3373,0.4
3374,0.5
3375,0.4
3376,0.9
3377,0.4
3378,0.5
3379,0.5
3380,0.3
3381,0.3
3382,0
3383,0.8
3384,0.5
3385,0.5
3386,0.9
3387,0.2
3388,0.5
3389,0.6
3390,0.5
3391,0.9
3392,0.7
3393,0.3
3394,0.2
3395,0.1
3396,0.1
3397,0.5
3398,0.1
3399,0.7
3400,0.2
3401,0.1
3402,0.5
3403,0.9
3404,0.5
3405,0.4
3406,0.9
3407,1
3408,0.5
3409,0.7
3410,0.7
3411,0
3412,0.1
3413,0.5
3414,0.8
3415,0.6
3416,0.8
3417,0.6
3418,0.8
3419,0.1
3420,0.8
3421,0.5
3422,0.4
3423,0
3424,0.5
3425,0.6
3426,0.7
3427,0.7
3428,1
3429,0.3
3430,0.1
3431,0.3
3432,0.9
3433,0.4
3434,0.6
3435,0.5
3436,1
3437,0.2
3438,0.1
3439,0.8
3440,0.4
3441,0.2
3442,0.9
3443,0.6
3444,0.1
3445,0.9
3446,0.3
3447,0.6
3448,1
3449,0.4
3450,0
3451,0.8
3452,1
3453,0.2
3454,0
3455,0.1
3456,0
3457,0.9
3458,0.6
3459,0.2
3460,0.4
3461,1
3462,0.6
3463,0.4
3464,0
3465,0.9
3466,0.6
3467,0.9
3468,0.3
3469,0.2
3470,0.2
3471,0.7
3472,0
3473,0.5
3474,0.6
3475,0
3476,0.3
3477,0.4
3478,0.1
3479,0.2
3480,0.6
3481,0.8
3482,0.9
3483,0.1
3484,0.7
3485,1
3486,0
3487,0.9
3488,0.4
3489,0.7
3490,0.6
3491,0.9
3492,0
3493,0.2
3494,0.7
3495,1
3496,0.7
3497,0.6
3498,0
3499,0.9
3500,0.9
3501,0.8
3502,0.6
3503,0.9
3504,0.2
3505,0.5
3506,0.5
3507,0.4
3508,0.5
3509,0.7
3510,0.9
3511,0.3
3512,0
3513,0.2
3514,0.9
3515,0
3516,0.8
3517,0.5
3518,0.8
3519,1
3520,0.2
3521,0.7
3522,0.1
3523,0.8
3524,0.8
3525,0.7
3526,0.8
3527,0.7
3528,0.2
3529,0.6
3530,0.6
3531,0.3
3532,0
3533,1
3534,0.6
3535,1
3536,0.4
3537,0.4
3538,0.7
3539,0.9
3540,1
3541,0.5
3542,0.6
3543,0.5
3544,0.5
3545,0
3546,0.5
3547,1
3548,0
3549,0.2
3550,0.6
3551,0.6
3552,0.5
3553,0.1
3554,1
3555,0.8
3556,0.4
3557,0.7
3558,0.2
3559,0.4
3560,0
3561,0.9
3562,0.5
3563,0.8
3564,0.3
3565,0.3
3566,0.7
3567,0.7
3568,0
3569,0.5
3570,0.9
3571,0.1
3572,1
3573,0.9
3574,0.3
3575,0.8
3576,0.5
3577,1
3578,0.5
3579,0.4
3580,0.1
3581,1
3582,0.7
3583,0.7
3584,0.2
3585,0.6
3586,0.8
3587,0.8
3588,0.4
3589,0.1
3590,0.8
3591,0.4
3592,0.2
3593,0.1
3594,0
3595,0.9
3596,0.5
3597,0.4
3598,0.6
3599,0.6
3600,0.9
3601,1
3602,0
3603,0
3604,1
3605,0.7
3606,0.1
3607,1
3608,0.3
3609,0.5
3610,0.5
3611,0.5
3612,0.7
3613,0
3614,0.8
3615,0.8
3616,0.4
3617,0.2
3618,0
3619,0.6
3620,0.7
3621,0.6
3622,0
3623,0
3624,0.2
3625,0
3626,0.6
3627,0.1
3628,0.4
3629,0.9
3630,0.5
3631,0.3
3632,1
3633,1
3634,0.2
3635,1
3636,0.9
3637,0.7
3638,1
3639,0
3640,0.5
3641,0.3
3642,0.2
3643,0
3644,0.3
3645,0.7
3646,1
3647,0.3
3648,0.6
3649,0.1
3650,0
3651,0.9
3652,0.2
3653,1
3654,0.3
3655,0.3
3656,0.1
3657,0.2
3658,0.1
3659,0
3660,0.8
3661,0.8
3662,0.9
3663,0.2
3664,0.6
3665,0.1
3666,0
3667,1
3668,0.9
3669,0.2
3670,0.8
3671,0.8
3672,0.5
3673,1
3674,0.9
3675,0.9
3676,0.5
3677,0.8
3678,1
3679,0.4
3680,0
3681,0.7
3682,0.2
3683,0.2
3684,0.9
3685,0.9
3686,0.9
3687,0.1
3688,0.1
3689,0.2
3690,0.5
3691,0.4
3692,0.2
3693,0.5
3694,0.3
3695,0.2
3696,0
3697,0
3698,0.2
3699,0.9
3700,0.2
3701,0.6
3702,0.2
3703,0.6
3704,0.1
3705,0
3706,0.3
3707,0.5
3708,0.6
3709,0.1
3710,0.1
3711,0.4
3712,0.3
3713,0.6
3714,0
3715,0
3716,0.2
3717,0.1
3718,0.4
3719,0.9
3720,0.5
3721,0.4
3722,0.7
3723,0
3724,0.3
3725,0.3
3726,0
3727,0.3
3728,0.8
3729,0.3
3730,0.2
3731,0.6
3732,0
3733,0.7
3734,0.7
3735,0.2
3736,0.4
3737,0.9
3738,0.2
3739,0.8
3740,0.2
3741,0.4
3742,0.5
3743,0.8
3744,0.5
3745,0.5
3746,0.3
3747,0
3748,0.6
3749,0.7
3750,0.3
3751,0.9
3752,0
3753,0.3
3754,1
3755,1
3756,0.7
3757,0.7
3758,1
3759,0.4
3760,0.7
3761,0.1
3762,0.8
3763,1
3764,0.6
3765,0
3766,0.5
3767,0.4
3768,0.5
3769,0.4
3770,0.2
3771,0.5
3772,0
3773,0.3
3774,0.7
3775,0.8
3776,0
3777,0
3778,1
3779,0.3
3780,0.2
3781,0.7
3782,0.6
3783,0.5
3784,1
3785,0.6
3786,0.3
3787,0.1
3788,0
3789,0.4
3790,0.6
3791,0.7
3792,0.6
3793,0.1
3794,1
3795,0.8
3796,0
3797,1
3798,0.6
3799,0.1
3800,0.8
3801,0.9
3802,0.7
3803,0
3804,0.8
3805,0.6
3806,0.9
3807,0.4
3808,0.4
3809,0.9
3810,0.9
3811,0.6
3812,0.1
3813,0.3
3814,0.2
3815,0.2
3816,0.9
3817,0.6
3818,0.4
3819,1
3820,0.1
3821,0.5
3822,0.6
3823,0.6
3824,0.3
3825,0
3826,0.1
3827,0.8
3828,1
3829,0.6
3830,0.2
3831,0.6
3832,0.1
3833,1
3834,0
3835,0.3
3836,0.1
3837,0.9
3838,0.5
3839,0.9
3840,0.5
3841,0.3
3842,0.2
3843,0.1
3844,1
3845,0.3
3846,0.4
3847,0.6
3848,0.3
3849,0
3850,0.4
3851,1
3852,0.2
3853,0.5
3854,0.2
3855,0.4
3856,0.8
3857,0.5
3858,0.3
3859,0.3
3860,1
3861,0.6
3862,0.2
3863,0.6
3864,0.5
3865,0.7
3866,0.3
3867,0.9
3868,0.2
3869,0.9
3870,0.9
3871,0.9
3872,0.9
3873,0.6
3874,0.7
3875,0.5
3876,0.3
3877,0.4
3878,0.8
3879,0.4
3880,0
3881,0.8
3882,0.7
3883,0
3884,0.1
3885,0.6
3886,0.1
3887,0.7
3888,0.3
3889,0.6
3890,0.4
3891,0.1
3892,0
3893,0.5
3894,0.9
3895,0
3896,0.2
3897,0.8
3898,0.4
3899,0.6
3900,0.4
3901,0.3
3902,0.4
3903,1
3904,0.9
3905,0.7
3906,0.1
3907,0.4
3908,0.5
3909,0.3
3910,0
3911,0.6
3912,0.8
3913,0.2
3914,1
3915,0.9
3916,0.2
3917,0.8
3918,0.5
3919,0.4
3920,0.2
3921,0.2
3922,0.6
3923,0.1
3924,0.2
3925,0.7
3926,0
3927,0.4
3928,0.7
3929,0.9
3930,0.7
3931,0.7
3932,0.4
3933,0.3
3934,0.3
3935,1
3936,0
3937,0
3938,0.2
3939,0.4
3940,1
3941,1
3942,0.2
3943,0.3
3944,0.6
3945,0.9
3946,0.5
3947,0.4
3948,0.3
3949,0.8
3950,0.9
3951,0.9
3952,0.6
3953,1
3954,0.3
3955,0.8
3956,0.9
3957,0.1
3958,0.9
3959,0.9
3960,0.5
3961,0.3
3962,0.5
3963,0.1
3964,0.1
3965,0.1
3966,0.2
3967,0.1
3968,0.4
3969,0.4
3970,0.9
3971,0.6
3972,0.4
3973,0.4
3974,0
3975,0.4
3976,0.1
3977,0.1
3978,0.9
3979,1
3980,0
3981,0.9
3982,0.6
3983,0.9
3984,0
3985,0.6
3986,0.9
3987,0
3988,0
3989,0.9
3990,0.6
3991,0.1
3992,0.9
3993,0.8
3994,0.5
3995,0.6
3996,0.3
3997,0.6
3998,0.3
3999,0.2
4000,0.8
4001,0.5
4002,0.9
4003,0.9
4004,0.7
4005,0.5
4006,0.7
4007,0.9
4008,0.6
4009,0.5
4010,0.7
4011,1
4012,0.9
4013,0.8
4014,0
4015,0.1
4016,0.2
4017,0.1
4018,0.5
4019,0.6
4020,0.2
4021,0.7
4022,0.2
4023,0.7
4024,1
4025,0.8
4026,0.2
4027,0.7
4028,0.6
4029,0.6
4030,0.3
4031,0.7
4032,0.2
4033,0.3
4034,0.7
4035,0.7
4036,0.3
4037,0.5
4038,0.6
4039,0
4040,0.7
4041,0.8
4042,0.4
4043,0.5
4044,0.4
4045,0.5
4046,0.6
4047,0.1
4048,0.3
4049,1
4050,0.6
4051,0.9
4052,0
4053,0.8
4054,0.8
4055,0.9
4056,0.7
4057,0.4
4058,0.7
4059,0.8
4060,0.5
4061,0.3
4062,0.2
4063,0.7
4064,0.1
4065,0.7
4066,0.6
4067,0
4068,0.7
4069,0
4070,0.3
4071,0.7
4072,0.3
4073,0
4074,0.7
4075,0.7
4076,0.3
4077,0
4078,0.2
4079,0
4080,0.3
4081,0.5
4082,0.6
4083,0.4
4084,0.8
4085,0.1
4086,0
4087,0.8
4088,0.4
4089,0.2
4090,1
4091,0.6
4092,0.9
4093,0.7
4094,0.3
4095,0.2
4096,0.8
4097,0.7
4098,1
4099,0.1
4100,0.6
4101,0.8
4102,0.9
4103,0.8
4104,0.5
4105,0.1
4106,0.4
4107,0.1
4108,0.8
4109,0.5
4110,0.4
4111,0.6
4112,0
4113,0.7
4114,0.4
4115,0.8
4116,0.2
4117,0.2
4118,0.7
4119,0.6
4120,1
4121,0.7
4122,0
4123,0.8
4124,0.2
4125,0.8
4126,0.2
4127,0.4
4128,0.6
4129,0.3
4130,0
4131,0.2
4132,0.2
4133,0.7
4134,0.2
4135,0.2
4136,0.7
4137,0.6
4138,0.8
4139,0.1
4140,0
4141,0.9
4142,0.3
4143,0.7
4144,1
4145,0.3
4146,0.4
4147,0.7
4148,0
4149,0.6
4150,1
4151,1
4152,0.3
4153,0.6
4154,0
4155,0.7
4156,0.7
4157,0.9
4158,1
4159,0.2
4160,0.1
4161,0.2
4162,0.8
4163,1
4164,0.4
4165,0.9
4166,0.1
4167,0.3
4168,0.7
4169,0.8
4170,0.7
4171,0.7
4172,0.8
4173,1
4174,0.1
4175,0.8
4176,0
4177,0.1
4178,0
4179,0.3
4180,0.7
4181,0.9
4182,0.3
4183,0.1
4184,0
4185,0.6
4186,0.7
4187,0.9
4188,0.7
4189,0.6
4190,0.4
4191,0.7
4192,0.2
4193,0.1
4194,0.6
4195,1
4196,0.5
4197,0.9
4198,0.3
4199,0
4200,0.5
4201,1
4202,0.5
4203,0.7
4204,0.1
4205,0.4
4206,0.6
4207,0.8
4208,0
4209,0.8
4210,0
4211,1
4212,0.1
4213,0.5
4214,0.2
4215,1
4216,1
4217,0.9
4218,0.5
4219,0.6
4220,0.3
4221,0.3
4222,0.8
4223,0.2
4224,0
4225,0.9
4226,0.1
4227,0.8
4228,1
4229,1
4230,0
4231,0
4232,0.1
4233,0
4234,0.9
4235,0.4
4236,0.9
4237,0.9
4238,0.5
4239,0.3
4240,0.6
4241,0.5
4242,0.7
4243,0.7
4244,0.1
4245,0.9
4246,0.7
4247,0.8
4248,0.8
4249,0.5
4250,0.1
4251,0.4
4252,0.3
4253,0.7
4254,0.5
4255,0.3
4256,0.7
4257,0.2
4258,0.5
4259,1
4260,0.2
4261,0
4262,0.5
4263,0
4264,0
4265,0.3
4266,0.9
4267,0.7
4268,0.5
4269,0.9
4270,0.7
4271,0.1
4272,0.1
4273,0.8
4274,1
4275,0.8
4276,0.3
4277,0
4278,0.1
4279,0.6
4280,0.1
4281,0.7
4282,0.9
4283,0.1
4284,0.4
4285,0.5
4286,0.7
4287,0.8
4288,0.6
4289,0.3
4290,0.2
4291,0.9
4292,0.3
4293,0.3
4294,0.7
4295,0.9
4296,0.6
4297,0
4298,0.9
4299,0.2
4300,0.9
4301,0.6
4302,0.3
4303,0.7
4304,0.1
4305,0.9
4306,1
4307,0.8
4308,0.2
4309,0.4
4310,0.4
4311,0.5
4312,0.3
4313,0.9
4314,0.1
4315,0.9
4316,0.4
4317,0.5
4318,0.6
4319,0
4320,0
4321,0.4
4322,0.9
4323,0.1
4324,0.5
4325,0.4
4326,0.5
4327,1
4328,0.7
4329,0.2
4330,0.4
4331,0.1
4332,0.3
4333,0.3
4334,0.7
4335,1
4336,0.8
4337,0.3
4338,0.3
4339,0.3
4340,0.1
4341,0.5
4342,0.4
4343,0.7
4344,0.9
4345,1
4346,0.2
4347,0.4
4348,0
4349,0.8
4350,0.6
4351,0.6
4352,0.2
4353,0.2
4354,1
4355,0.4
4356,0.7
4357,0.9
4358,0.1
4359,0.5
4360,0.7
4361,0.8
4362,0.6
4363,0.2
4364,0.8
4365,1
4366,0.6
4367,0
4368,1
4369,0.5
4370,0.4
4371,0.2
4372,0.4
4373,0.3
4374,0.8
4375,0.9
4376,0.1
4377,0.9
4378,0.1
4379,0.4
4380,0.1
4381,0
4382,1
4383,0.3
4384,0.3
4385,1
4386,0.9
4387,0
4388,0.3
4389,0.7
4390,0.3
4391,0.6
4392,0.1
4393,0.6
4394,0
4395,0.5
4396,0.1
4397,0.5
4398,0.8
4399,0.4
4400,0.5
4401,0.7
4402,0.8
4403,0.5
4404,0.9
4405,0.4
4406,0.9
4407,0.5
4408,0.8
4409,0.6
4410,0.9
4411,0.6
4412,0.6
4413,0.8
4414,0
4415,0.4
4416,0.5
4417,0
4418,0.3
4419,0.4
4420,0.7
4421,0.9
4422,0.9
4423,0.3
4424,0.3
4425,0.2
4426,1
4427,0.4
4428,0.4
4429,0.8
4430,0.5
4431,0.7
4432,0.1
4433,1
4434,0.9
4435,0.9
4436,0.1
4437,0.3
4438,0.8
4439,0.2
4440,1
4441,0.7
4442,0.6
4443,0.7
4444,0.8
4445,1
4446,0.7
4447,0.9
4448,0.5
4449,0.9
4450,0.3
4451,0
4452,0
4453,0.8
4454,0.5
4455,0.9
4456,0.7
4457,0.2
4458,0.7
4459,0.8
4460,0.6
4461,0.7
4462,0.1
4463,0.4
4464,0.1
4465,0.1
4466,0.4
4467,0.6
4468,1
4469,0
4470,0.9
4471,0.7
4472,0.4
4473,0.8
4474,0.4
4475,0.4
4476,0.2
4477,0
4478,0.7
4479,0.7
4480,0.5
4481,0.6
4482,0.8
4483,0
4484,0
4485,0.6
4486,0.5
4487,0
4488,0.1
4489,0.3
4490,0.6
4491,0.8
4492,0.4
4493,0.4
4494,0.1
4495,0.8
4496,0.1
4497,0.1
4498,0.2
4499,1
4500,0.2
4501,0.7
4502,0.8
4503,0
4504,0.4
4505,0.3
4506,0.2
4507,0.9
4508,1
4509,0.5
4510,0.6
4511,1
4512,0.6
4513,0.3
4514,0.7
4515,0.4
4516,0.1
4517,0.1
4518,0.7
4519,0.4
4520,0
4521,0.5
4522,0.4
4523,0.6
4524,0.9
4525,0.3
4526,0.1
4527,0.3
4528,0.3
4529,0.3
4530,0.6
4531,0
4532,0.6
4533,1
4534,0.8
4535,0.9
4536,0.2
4537,0.5
4538,1
4539,0.9
4540,1
4541,0.5
4542,0.3
4543,0
4544,0.3
4545,0.2
4546,0.7
4547,0.6
4548,1
4549,0
4550,0.6
4551,0.7
4552,0.1
4553,0.7
4554,0.3
4555,0.2
4556,0.2
4557,0.9
4558,0.9
4559,0.2
4560,0.4
4561,0.4
4562,0
4563,0.6
4564,0.2
4565,1
4566,1
4567,0.8
4568,0.8
4569,0.4
4570,0.2
4571,0.5
4572,0.2
4573,0.4
4574,1
4575,0.2
4576,0.4
4577,0.1
4578,1
4579,0.5
4580,0.1
4581,0.4
4582,0.7
4583,0
4584,0.1
4585,0.5
4586,0
4587,0.1
4588,0.7
4589,0.3
4590,1
4591,0.1
4592,0.5
4593,0
4594,0.4
4595,0.6
4596,0.8
4597,0.5
4598,0.7
4599,0.4
4600,0.5
4601,0.8
4602,0.5
4603,0
4604,1
4605,0.8
4606,1
4607,0.5
4608,0.4
4609,0.2
4610,0
4611,0.4
4612,0.3
4613,0
4614,0.7
4615,0.3
4616,0.3
4617,0.5
4618,0.6
4619,0.9
4620,0.5
4621,0.8
4622,0.6
4623,0.7
4624,0.2
4625,1
4626,0.9
4627,0.2
4628,0.3
4629,1
4630,0.5
4631,0.8
4632,0.1
4633,0.4
4634,0.3
4635,0.9
4636,1
4637,0.4
4638,0.5
4639,0.2
4640,0.6
4641,0.6
4642,1
4643,1
4644,0.1
4645,0.1
4646,0.9
4647,0.6
4648,0.9
4649,0.3
4650,0.1
4651,0.5
4652,0
4653,0.7
4654,0.6
4655,0.4
4656,0.1
4657,0.9
4658,0.8
4659,0.6
4660,0.1
4661,0.6
4662,0.3
4663,0.1
4664,0.9
4665,0
4666,0.4
4667,0.1
4668,0.4
4669,0.1
4670,0.2
4671,0.7
4672,1
4673,0.2
4674,0
4675,0.3
4676,0.3
4677,0.8
4678,0
4679,0.3
4680,0.1
4681,0.7
4682,0.9
4683,1
4684,0.4
4685,0.9
4686,0.9
4687,0.4
4688,0.9
4689,0.3
4690,0.1
4691,0.6
4692,1
4693,0.2
4694,1
4695,0.8
4696,0
4697,1
4698,0
4699,1
4700,0.5
4701,0.4
4702,1
4703,0.5
4704,0.3
4705,0.2
4706,0.7
4707,0.6
4708,0.4
4709,0
4710,1
4711,0.7
4712,0.7
4713,0.7
4714,0.9
4715,0.7
4716,0.7
4717,0.3
4718,0.1
4719,0.2
4720,0.4
4721,0.7
4722,0.8
4723,0.2
4724,0
4725,0.1
4726,0.9
4727,0.1
4728,0.1
4729,0.3
4730,0.5
4731,0.7
4732,0.9
4733,0.1
4734,0
4735,0.2
4736,0
4737,0.1
4738,0.2
4739,0
4740,0.7
4741,0.6
4742,0.2
4743,0.2
4744,0.1
4745,0.2
4746,0.1
4747,0.8
4748,0
4749,0.8
4750,0.7
4751,0.8
4752,0.8
4753,0.8
4754,1
4755,0.1
4756,0
4757,0.5
4758,1
4759,0.4
4760,0.3
4761,0.5
4762,0.5
4763,0.7
4764,0.5
4765,0.3
4766,0.8
4767,0
4768,1
4769,0.8
4770,0.3
4771,0.7
4772,0.8
4773,0.2
4774,0.6
4775,0.7
4776,0.9
4777,1
4778,0.7
4779,0.4
4780,0.1
4781,0.7
4782,0
4783,0.5
4784,1
4785,0.3
4786,0.4
4787,0.3
4788,0.5
4789,1
4790,0.5
4791,0.9
4792,0.5
4793,0.4
4794,0
4795,0.5
4796,0
4797,0.9
4798,0
4799,1
4800,0.1
4801,0.3
4802,0.3
4803,0.8
4804,0.4
4805,0.3
4806,0.2
4807,0.8
4808,0.3
4809,0
4810,0.6
4811,0.5
4812,0.9
4813,0.1
4814,0.5
4815,0.9
4816,0.9
4817,0.3
4818,0.9
4819,0.9
4820,1
4821,0.1
4822,0.5
4823,0.9
4824,1
4825,0.1
4826,0.4
4827,0.7
4828,0.1
4829,0.5
4830,0.5
4831,0.3
4832,0
4833,0.9
4834,1
4835,0.8
4836,0.7
4837,0.2
4838,0.2
4839,0.1
4840,0.1
4841,0.8
4842,0.5
4843,0.7
4844,0
4845,0.4
4846,0.5
4847,0.2
4848,0.6
4849,0.6
4850,1
4851,0.1
4852,0.2
4853,0.7
4854,0
4855,0
4856,0.7
4857,0.7
4858,0.8
4859,0.5
4860,0.8
4861,0.1
4862,1
4863,0.3
4864,0.3
4865,1
4866,0.5
4867,0.1
4868,0.2
4869,0.4
4870,0.6
4871,0.7
4872,0.4
4873,1
4874,0.7
4875,0.2
4876,0.6
4877,0.8
4878,0.6
4879,0.4
4880,0.7
4881,0.3
4882,0.2
4883,1
4884,1
4885,0.9
4886,0.3
4887,0.7
4888,1
4889,0.6
4890,0.2
4891,0
4892,0.8
4893,0.7
4894,0.4
4895,0.5
4896,0.5
4897,0.1
4898,0.5
4899,1
4900,0.6
4901,0.3
4902,0
4903,0.9
4904,0.4
4905,0.5
4906,0.2
4907,0.6
4908,0
4909,0
4910,1
4911,0.6
4912,0.9
4913,1
4914,0.4
4915,0.3
4916,0.1
4917,0.7
4918,0.3
4919,0.9
4920,0.3
4921,1
4922,0.1
4923,0.6
4924,0.1
4925,0.8
4926,0.6
4927,0.3
4928,0.6
4929,0.4
4930,0.4
4931,0.1
4932,1
4933,0.8
4934,0.1
4935,0
4936,0.6
4937,0.6
4938,0.3
4939,0.3
4940,0
4941,0.4
4942,0.3
4943,0.7
4944,0.2
4945,0.8
4946,0.8
4947,0.3
4948,0.2
4949,1
4950,0.5
4951,0.6
4952,0.4
4953,0.8
4954,0.8
4955,0
4956,0.2
4957,0.6
4958,1
4959,0.4
4960,0.9
4961,0.2
4962,0
4963,0.5
4964,0.1
4965,0.2
4966,0.2
4967,0.9
4968,0.1
4969,0.1
4970,0.6
4971,0
4972,0.3
4973,0.7
4974,0.7
4975,0.9
4976,0.2
4977,0.6
4978,0.8
4979,0.4
4980,0.8
4981,0.8
4982,0.9
4983,0
4984,0.6
4985,0.5
4986,0
4987,0.7
4988,0
4989,0.4
4990,0.6
4991,1
4992,0.8
4993,0
4994,0.2
4995,0.4
4996,0.3
4997,0.8
4998,0.7
4999,0.9
5000,0.6
5001,0.2
5002,0.4
5003,0
5004,0.3
5005,0.4
5006,0.3
5007,0.9
5008,0.5
5009,0.8
5010,0.4
5011,0.3
5012,0.2
5013,0.7
5014,0.8
5015,0.7
5016,0.2
5017,1
5018,0.4
5019,0.7
5020,0.7
5021,0.7
5022,0.6
5023,0.8
5024,0.6
5025,0
5026,0.6
5027,0.5
5028,0.6
5029,0.5
5030,1
5031,0.7
5032,0.1
5033,0.3
5034,0.5
5035,0.1
5036,0.1
5037,0.8
5038,0
5039,0.8
5040,0.4
5041,0
5042,0.5
5043,0.8
5044,0.9
5045,1
5046,0.2
5047,0.8
5048,0.4
5049,0.8
5050,0
5051,1
5052,0
5053,0
5054,0
5055,1
5056,1
5057,0
5058,0
5059,0.3
5060,0
5061,0.3
5062,0.1
5063,0.3
5064,0.4
5065,0
5066,0.4
5067,0.6
5068,0.5
5069,0.2
5070,0.8
5071,0.2
5072,0.2
5073,0.2
5074,0.4
5075,0.3
5076,0.3
5077,0.5
5078,0
5079,1
5080,0.6
5081,0
5082,0.7
5083,0.9
5084,0.1
5085,0
5086,0.4
5087,0.7
5088,0.7
5089,0.5
5090,0.5
5091,0.9
5092,0.6
5093,1
5094,0.9
5095,0.5
5096,0.6
5097,0.8
5098,0.7
5099,0.3
5100,0.2
5101,0.2
5102,0.1
5103,0.2
5104,0.1
5105,0.9
5106,0.2
5107,0.3
5108,0.7
5109,0.8
5110,0.5
5111,0.1
5112,0.3
5113,0.7
5114,0.4
5115,0.5
5116,0.3
5117,0.4
5118,0.5
5119,0.7
5120,1
5121,0
5122,0.6
5123,0.2
5124,0.2
5125,0.8
5126,0
5127,0.3
5128,0.2
5129,1
5130,0.5
5131,0.5
5132,0.8
5133,0.6
5134,0.7
5135,0.4
5136,0.2
5137,0.6
5138,1
5139,0.2
5140,0.2
5141,0.8
5142,0
5143,0.6
5144,0.9
5145,0.3
5146,0.2
5147,0
5148,0.7
5149,0.5
5150,0
5151,0.2
5152,0.3
5153,0.8
5154,0.2
5155,0.4
5156,0.1
5157,0.4
5158,1
5159,0.9
5160,0.7
5161,0.6
5162,0.3
5163,0
5164,0.7
5165,0.6
5166,0.1
5167,0.1
5168,0.2
5169,0.3
5170,0.6
5171,0.7
5172,0.9
5173,0.3
5174,0.3
5175,0.4
5176,0.7
5177,0.7
5178,0.5
5179,0
5180,0
5181,0.1
5182,0.5
5183,0.6
5184,0.3
5185,0
5186,0.7
5187,0.5
5188,0.2
5189,0.6
5190,0.4
5191,0.9
5192,0
5193,0.3
5194,0.5
5195,0.3
5196,0.4
5197,0
5198,0
5199,0.9
5200,0.3
5201,0.3
5202,0.8
5203,0.1
5204,0.2
5205,0.8
5206,1
5207,0.7
5208,0.9
5209,0.1
5210,0.7
5211,0.4
5212,0.8
5213,0.2
5214,0.3
5215,0.1
5216,1
5217,0.1
5218,0.8
5219,0.2
5220,0.3
5221,0.9
5222,0.4
5223,0.1
5224,1
5225,0.9
5226,1
5227,0.2
5228,1
5229,0.7
5230,0.9
5231,0
5232,0.8
5233,0.5
5234,1
5235,0.2
5236,0.4
5237,0.3
5238,0.5
5239,0.1
5240,0.8
5241,0.4
5242,0.5
5243,0.3
5244,1
5245,0
5246,0.5
5247,1
5248,0.3
5249,0.2
5250,0.5
5251,0.4
5252,0.6
5253,0.5
5254,0.1
5255,0.7
5256,0.5
5257,0.2
5258,0.7
5259,0.2
5260,0
5261,0.8
5262,0
5263,0.6
5264,0.3
5265,1
5266,0.3
5267,0.8
5268,0.4
5269,0.3
5270,1
5271,0.1
5272,0.3
5273,0
5274,0.2
5275,0.2
5276,0.4
5277,0.4
5278,1
5279,0.8
5280,1
5281,0.6
5282,0.2
5283,0.7
5284,0.2
5285,0.8
5286,0.1
5287,0.7
5288,0.1
5289,0.1
5290,0.9
5291,0.2
5292,0.4
5293,0.3
5294,0.6
5295,0.8
5296,0.2
5297,0.5
5298,0.4
5299,0.6
5300,0.8
5301,1
5302,0
5303,0.3
5304,0.4
5305,0
5306,0.6
5307,0.2
5308,0
5309,0.9
5310,0.1
5311,1
5312,0.5
5313,0
5314,0
5315,0.2
5316,0.5
5317,0
5318,0.3
5319,0.6
5320,0.9
5321,0.4
5322,0.5
5323,0.8
5324,0.9
5325,0.7
5326,0.4
5327,0.8
5328,0.4
5329,0.3
5330,0.7
5331,1
5332,0.2
5333,0.8
5334,0.2
5335,0.6
5336,0.5
5337,0.4
5338,0.2
5339,0
5340,0.9
5341,0.8
5342,0.6
5343,1
5344,0.9
5345,0.9
5346,0.4
5347,0.1
5348,0.7
5349,0.7
5350,0.4
5351,1
5352,0.8
5353,0.9
5354,0.2
5355,0.2
5356,0.5
5357,0.4
5358,0.4
5359,0.6
5360,0.9
5361,0.4
5362,0.1
5363,1
5364,0.8
5365,0.7
5366,0.7
5367,0.1
5368,1
5369,0.9
5370,0.9
5371,0.2
5372,0.1
5373,0.6
5374,0.8
5375,0.3
5376,0.2
5377,0.2
5378,0.9
5379,1
5380,0.6
5381,0.8
5382,0.3
5383,0
5384,0.3
5385,0.2
5386,0.5
5387,1
5388,0.3
5389,0.6
5390,0.9
5391,0.6
5392,0.6
5393,0.6
5394,0.2
5395,0.6
5396,0.4
5397,0.3
5398,0.3
5399,0.7
5400,0.4
5401,0.3
5402,0.8
5403,0.6
5404,1
5405,0.1
5406,1
5407,0
5408,0.9
5409,0.8
5410,0.9
5411,0.8
5412,0.5
5413,0
5414,0.5
5415,0.8
5416,1
5417,0
5418,0.3
5419,0.5
5420,0.2
5421,0.1
5422,0.5
5423,0.9
5424,0.1
5425,1
5426,0.2
5427,0.9
5428,0.6
5429,1
5430,0
5431,0.6
5432,0.6
5433,0
5434,0.7
5435,0.5
5436,0.6
5437,0
5438,0
5439,0.4
5440,0.4
5441,0.6
5442,0.7
5443,0
5444,0.4
5445,0.9
5446,0.5
5447,0.1
5448,0
5449,0.8
5450,0.3
5451,0.4
5452,0.1
5453,0.6
5454,0.6
5455,1
5456,0
5457,0.5
5458,0.2
5459,0.4
5460,1
5461,0.7
5462,0.1
5463,0.8
5464,0.2
5465,0
5466,0.9
5467,0.1
5468,0.1
5469,0.8
5470,0.3
5471,0.5
5472,0.7
5473,1
5474,0.7
5475,0
5476,1
5477,0.4
5478,0.1
5479,0.9
5480,0.2
5481,0.3
5482,0.4
5483,1
5484,0.8
5485,0.1
5486,0.1
5487,0.4
5488,0.8
5489,0.1
5490,0.5
5491,1
5492,0.3
5493,0.4
5494,0.2
5495,1
5496,0.2
5497,0
5498,0.8
5499,0.8
5500,0.8
5501,0.3
5502,1
5503,0.4
5504,0.6
5505,0.4
5506,0.3
5507,0.4
5508,0.5
5509,0.9
5510,0.3
5511,1
5512,0.2
5513,0
5514,1
5515,0.6
5516,0.8
5517,0.7
5518,1
5519,0.1
5520,0.5
5521,1
5522,0.7
5523,0.9
5524,0.5
5525,0.8
5526,0.3
5527,0.4
5528,0.3
5529,0.7
5530,0.1
5531,1
5532,0.5
5533,0.6
5534,0.2
5535,0.5
5536,0.9
5537,0.7
5538,0.6
5539,0
5540,0.7
5541,0.5
5542,0
5543,0.5
5544,0.4
5545,0.6
5546,0.4
5547,0
5548,0.6
5549,0.3
5550,0.9
5551,0.8
5552,0
5553,0.9
5554,0.1
5555,0.5
5556,0.2
5557,0.2
5558,0.2
5559,0.1
5560,0.8
5561,0.9
5562,0.9
5563,0.6
5564,0.1
5565,0.6
5566,0.6
5567,0.9
5568,0.9
5569,0.8
5570,0.9
5571,0
5572,0.3
5573,0
5574,0.3
5575,0.5
5576,0.9
5577,0.9
5578,0.4
5579,0.8
5580,0
5581,0.3
5582,1
5583,0.7
5584,0.5
5585,0.4
5586,0.7
5587,0.5
5588,0.6
5589,0.4
5590,1
5591,0.9
5592,1
5593,0.7
5594,0.2
5595,0.9
5596,0.5
5597,0.5
5598,0.6
5599,0.3
5600,1
5601,0.5
5602,0.3
5603,1
5604,0.6
5605,0.1
5606,1
5607,0.4
5608,0.2
5609,0.6
5610,0.9
5611,0.7
5612,0.8
5613,0.7
5614,0.8
5615,0.9
5616,0.1
5617,0.4
5618,0.5
5619,0.5
5620,1
5621,0.5
5622,0.3
5623,0.2
5624,0.2
5625,0.2
5626,0.6
5627,0.5
5628,0.9
5629,0
5630,0.1
5631,0.6
5632,0.6
5633,0.4
5634,0.5
5635,0.8
5636,1
5637,0.5
5638,0.9
5639,0.5
5640,0.3
5641,0.5
5642,0.5
5643,0.3
5644,0.5
5645,0.5
5646,0.1
5647,1
5648,0.4
5649,0.1
5650,0.4
5651,0.5
5652,0.7
5653,0.4
5654,0.4
5655,0.9
5656,0.8
5657,0.4
5658,0.4
5659,1
5660,0.8
5661,0
5662,0.8
5663,0.3
5664,1
5665,0.2
5666,0.8
5667,0.5
5668,0.2
5669,0.6
5670,0.8
5671,0
5672,0.6
5673,0.7
5674,0.1
5675,0
5676,0.7
5677,0.1
5678,0.2
5679,1
5680,1
5681,0.2
5682,0.5
5683,0
5684,0.9
5685,1
5686,0.4
5687,0.8
5688,0.7
5689,0
5690,0.3
5691,0.1
5692,0.3
5693,0.5
5694,0.2
5695,0.2
5696,0.7
5697,1
5698,0.2
5699,0.1
5700,0.3
5701,1
5702,0.7
5703,0.5
5704,0.8
5705,0.9
5706,0.6
5707,1
5708,0.5
5709,0.6
5710,0.2
5711,0.8
5712,0.3
5713,0.5
5714,0.8
5715,0.5
5716,0.5
5717,0.2
5718,0.6
5719,0.8
5720,0.2
5721,1
5722,0
5723,0.4
5724,0.3
5725,0.8
5726,0
5727,0.2
5728,0
5729,0
5730,0.3
5731,1
5732,1
5733,0.2
5734,0.5
5735,0.6
5736,0.3
5737,0.1
5738,0.3
5739,0.6
5740,0.7
5741,1
5742,0.9
5743,0.7
5744,0.2
5745,1
5746,1
5747,0.5
5748,0.5
5749,0.1
5750,0.5
5751,0.6
5752,0.1
5753,0.8
5754,0.7
5755,0.1
5756,0.5
5757,0.4
5758,0
5759,0
5760,0.2
5761,0.3
5762,0
5763,0.1
5764,0.3
5765,0
5766,1
5767,0.7
5768,0.4
5769,0.5
5770,0.5
5771,0.5
5772,0.1
5773,0.4
5774,0
5775,0.7
5776,0
5777,0.6
5778,0
5779,0.7
5780,0.4
5781,0.6
5782,1
5783,1
5784,0.7
5785,0.8
5786,0.6
5787,1
5788,0.9
5789,0.6
5790,0.7
5791,0.3
5792,0.2
5793,0.2
5794,0.1
5795,0.2
5796,0.1
5797,0.8
5798,1
5799,0.6
5800,0.3
5801,0.6
5802,1
5803,0
5804,0.9
5805,0
5806,0.8
5807,0.1
5808,0.8
5809,1
5810,0.6
5811,0.1
5812,0.5
5813,0.2
5814,0.5
5815,0
5816,0.9
5817,0
5818,0.2
5819,0.2
5820,0.6
5821,1
5822,1
5823,0.5
5824,0.8
5825,0.8
5826,0.5
5827,0.2
5828,0.5
5829,0.8
5830,0.6
5831,0.3
5832,0
5833,0.1
5834,0.9
5835,0.2
5836,0.4
5837,0.9
5838,0.3
5839,0.4
5840,0.4
5841,0.7
5842,0.4
5843,0
5844,0
5845,0
5846,0.9
5847,0
5848,1
5849,0.8
5850,0.7
5851,0.4
5852,0.8
5853,0.5
5854,0.4
5855,0.2
5856,0.1
5857,0.7
5858,0.8
5859,0
5860,1
5861,0.1
5862,0.5
5863,1
5864,1
5865,0.5
5866,0
5867,0.4
5868,0.9
5869,0
5870,0
5871,0.1
5872,0.7
5873,0.3
5874,0.3
5875,0.9
5876,0.8
5877,0
5878,0.8
5879,0.7
5880,0.5
5881,0.7
5882,0.8
5883,0.1
5884,0.9
5885,0.2
5886,0.7
5887,1
5888,0.5
5889,0.4
5890,0.5
5891,0
5892,0.7
5893,0.3
5894,0.3
5895,0.7
5896,0.2
5897,0.3
5898,0.6
5899,0.6
5900,0.4
5901,0.1
5902,0.1
5903,0.7
5904,0.3
5905,0.5
5906,1
5907,0.2
5908,0.8
5909,0.7
5910,0.7
5911,0.2
5912,0.2
5913,0.5
5914,0.5
5915,0.3
5916,0
5917,0.6
5918,0.5
5919,0.6
5920,0.3
5921,0.8
5922,0.4
5923,0.4
5924,1
5925,0.2
5926,0
5927,0.3
5928,0.1
5929,0.6
5930,0.1
5931,0.6
5932,0.9
5933,1
5934,0.6
5935,0.5
5936,0.5
5937,0
5938,0.7
5939,0.3
5940,0.1
5941,0.9
5942,0.5
5943,1
5944,0.2
5945,0.8
5946,0.1
5947,0.5
5948,0.3
5949,0.2
5950,0.1
5951,0.3
5952,0.7
5953,0.9
5954,0.2
5955,0
5956,0.1
5957,0.1
5958,0.3
5959,0.4
5960,0
5961,0.6
5962,0.2
5963,0.4
5964,0.7
5965,0.3
5966,0.8
5967,0.1
5968,0.3
5969,0.1
5970,1
5971,0.9
5972,0.2
5973,0.9
5974,0.4
5975,0.8
5976,1
5977,0.2
5978,0.9
5979,0.7
5980,1
5981,0.2
5982,1
5983,0.3
5984,0.6
5985,0.8
5986,0.4
5987,0.1
5988,0.5
5989,0.1
5990,0.5
5991,0.8
5992,0.4
5993,0.5
5994,0.5
5995,0.6
5996,0.9
5997,0.2
5998,0.8
5999,0.4
6000,0.5
6001,0
6002,0.6
6003,0.6
6004,0.8
6005,0.9
6006,0
6007,0.2
6008,0.7
6009,0.2
6010,0.4
6011,0.2
6012,0.8
6013,0.9
6014,0.8
6015,0.3
6016,0.6
6017,1
6018,0.4
6019,0.4
6020,0.8
6021,0
6022,0.9
6023,1
6024,0.3
6025,0.7
6026,0.2
6027,0.5
6028,0.9
6029,0.8
6030,0.5
6031,0.7
6032,0.5
6033,0.5
6034,0.9
6035,0.1
6036,0.7
6037,0.9
6038,1
6039,1
6040,1
6041,0.1
6042,0.4
6043,0.7
6044,0.2
6045,1
6046,0.3
6047,1
6048,0.3
6049,0.8
6050,0.6
6051,0.3
6052,0.4
6053,0.2
6054,0.5
6055,0.5
6056,0.6
6057,0
6058,0.4
6059,0.8
6060,0.5
6061,0.7
6062,0.3
6063,0.5
6064,1
6065,1
6066,0.3
6067,0
6068,0
6069,0.5
6070,0
6071,0.3
6072,0
6073,0.8
6074,0.9
6075,0.4
6076,0.9
6077,0.7
6078,0.2
6079,0.7
6080,0
6081,1
6082,0
6083,0
6084,0.4
6085,0.4
6086,0.2
6087,0.2
6088,0.4
6089,0.5
6090,0.6
6091,0.8
6092,0.3
6093,0.8
6094,0.7
6095,0
6096,0.1
6097,0.1
6098,0.2
6099,0.5
6100,0.2
6101,0.5
6102,0.7
6103,1
6104,1
6105,0.7
6106,0.4
6107,0.1
6108,0.1
6109,0.5
6110,0.2
6111,0.4
6112,0.1
6113,0.6
6114,0.1
6115,0.9
6116,1
6117,0.9
6118,0.6
6119,0.9
6120,0.6
6121,1
6122,1
6123,0.4
6124,1
6125,0.8
6126,0
6127,0.5
6128,1
6129,0.2
6130,0.4
6131,0
6132,1
6133,0.5
6134,0
6135,0.9
6136,0.6
6137,1
6138,0.3
6139,0.4
6140,0.6
6141,0.9
6142,0.7
6143,0.8
6144,0.8
6145,0.5
6146,0.7
6147,0.4
6148,0.2
6149,0.7
6150,0.8
6151,0.1
6152,0.2
6153,0.4
6154,0.8
6155,0.3
6156,0.4
6157,0
6158,0.3
6159,0.4
6160,0.9
6161,0.5
6162,1
6163,0.8
6164,0.3
6165,0.5
6166,0.3
6167,0.7
6168,0.6
6169,0.9
6170,0.3
6171,0.4
6172,0.6
6173,0.9
6174,1
6175,0
6176,0.4
6177,0.7
6178,0.2
6179,1
6180,0.1
6181,0.6
6182,0.1
6183,0.1
6184,0.5
6185,0.3
6186,0
6187,0.4
6188,0.2
6189,0.1
6190,0.9
6191,0.9
6192,0.7
6193,0.9
6194,0.8
6195,0.8
6196,0.2
6197,0.6
6198,0.1
6199,0.2
6200,0.6
6201,0.8
6202,0.9
6203,0.7
6204,0.8
6205,0.4
6206,0.6
6207,0.6
6208,0.3
6209,0.8
6210,0.8
6211,0
6212,0.9
6213,0.9
6214,0.2
6215,0.9
6216,0.6
6217,0.5
6218,0.8
6219,0.2
6220,1
6221,0.1
6222,0.5
6223,0.2
6224,0.9
6225,0.5
6226,1
6227,0.9
6228,0.3
6229,0.1
6230,0.3
6231,0.9
6232,1
6233,0.8
6234,0.3
6235,0.3
6236,1
6237,0.4
6238,0.9
6239,0.4
6240,0.5
6241,0
6242,0.7
6243,0.9
6244,0.6
6245,0.5
6246,0.7
6247,0
6248,0.1
6249,0.3
6250,0.4
6251,0.8
6252,1
6253,0.7
6254,1
6255,0.3
6256,0.1
6257,1
6258,0.6
6259,1
6260,0.1
6261,0
6262,0.7
6263,0.2
6264,0.5
6265,0.9
6266,0.3
6267,0.4
6268,0.7
6269,0.4
6270,0.8
6271,0.1
6272,0.1
6273,0.3
6274,0.3
6275,0.7
6276,0.3
6277,0.7
6278,0
6279,0.7
6280,0.8
6281,0.4
6282,0.8
6283,0.4
6284,0.1
6285,0.5
6286,0.5
6287,0
6288,0.3
6289,0.6
6290,0.5
6291,0
6292,0.1
6293,0.6
6294,0.3
6295,0.9
6296,1
6297,0.2
6298,0.4
6299,0
6300,0.7
6301,0.3
6302,0.4
6303,0.4
6304,0.2
6305,0
6306,0.8
6307,0
6308,0
6309,1
6310,0.7
6311,0.9
6312,0.3
6313,0.1
6314,0.9
6315,0.2
6316,0.7
6317,0.9
6318,0.4
6319,0.9
6320,0.3
6321,0.3
6322,0.9
6323,0.7
6324,0.9
6325,0.1
6326,0.7
6327,0
6328,0.7
6329,0.9
6330,0.5
6331,0.4
6332,0.6
6333,0.2
6334,0.8
6335,0.9
6336,0.3
6337,0.7
6338,0
6339,0.2
6340,0.2
6341,0
6342,0.8
6343,0.8
6344,0.8
6345,1
6346,0.8
6347,0.5
6348,0.9
6349,0.8
6350,1
6351,1
6352,0.6
6353,1
6354,0.3
6355,0.8
6356,0.4
6357,0.3
6358,0
6359,0.8
6360,0.6
6361,0.6
6362,0.4
6363,0.2
6364,0.4
6365,0.2
6366,0.7
6367,0.8
6368,0
6369,0.7
6370,0
6371,0.3
6372,0.2
6373,0.5
6374,0.1
6375,0.2
6376,0.8
6377,0.3
6378,0.1
6379,0.6
6380,0.1
6381,0.4
6382,0
6383,0.2
6384,0.7
6385,1
6386,0.6
6387,0.3
6388,0.1
6389,0.5
6390,1
6391,0.2
6392,0.5
6393,0
6394,0.6
6395,0.8
6396,0.2
6397,0.5
6398,0.1
6399,0.5
6400,1
6401,0.6
6402,1
6403,0.3
6404,0.3
6405,0.2
6406,0.8
6407,0.2
6408,0.7
6409,0.8
6410,0.9
6411,0.2
6412,0.4
6413,1
6414,0.7
6415,0.6
6416,0.5
6417,1
6418,0.6
6419,0
6420,0.9
6421,0.4
6422,0.7
6423,0.8
6424,0.2
6425,0.8
6426,0.5
6427,0
6428,0.1
6429,0.8
6430,0.2
6431,0.7
6432,0.1
6433,0.7
6434,0.4
6435,0.1
6436,0.1
6437,0.1
6438,0.2
6439,0.8
6440,0
6441,0.3
6442,0
6443,0.4
6444,0.5
6445,0.6
6446,0.9
6447,1
6448,1
6449,0.2
6450,1
6451,0
6452,0.8
6453,0
6454,0.9
6455,0.5
6456,0.8
6457,0.2
6458,0
6459,0.9
6460,0.4
6461,0.7
6462,1
6463,0.9
6464,0.8
6465,0.5
6466,0
6467,0.7
6468,0.4
6469,0.6
6470,0.2
6471,0.8
6472,0.8
6473,0.3
6474,0.8
6475,0.9
6476,0.9
6477,0.5
6478,0.5
6479,0.5
6480,0.4
6481,0.9
6482,0.2
6483,0.7
6484,0.2
6485,0.4
6486,0.2
6487,0.3
6488,0.7
6489,0.7
6490,0.7
6491,0.4
6492,0.4
6493,0.7
6494,0.6
6495,0.5
6496,0.7
6497,0.4
6498,1
6499,0.9
6500,0.8
6501,0
6502,0.3
6503,0.8
6504,0.6
6505,0.9
6506,0.3
6507,0.3
6508,0.9
6509,0
6510,0.5
6511,0.7
6512,1
6513,0.3
6514,1
6515,1
6516,0.7
6517,0.4
6518,0.1
6519,0.9
6520,0.3
6521,0.9
6522,0.2
6523,0.4
6524,0.6
6525,0.4
6526,0.4
6527,0.9
6528,1
6529,0.7
6530,1
6531,0.1
6532,1
6533,0.8
6534,0.5
6535,0.1
6536,0.5
6537,0.7
6538,0.7
6539,0
6540,0.5
6541,0
6542,0
6543,0
6544,0.1
6545,0.2
6546,0.3
6547,0.2
6548,0.2
6549,0.9
6550,1
6551,0.7
6552,1
6553,0.3
6554,0.1
6555,0.7
6556,0.7
6557,0
6558,0.7
6559,1
6560,0.6
6561,0.1
6562,0.3
6563,0.6
6564,0.9
6565,0.8
6566,0.1
6567,0.5
6568,0.7
6569,0.9
6570,0.1
6571,0.9
6572,0.2
6573,0.4
6574,0.6
6575,0.7
6576,0.1
6577,0.5
6578,0.1
6579,0.3
6580,0.7
6581,0.5
6582,0.1
6583,0.4
6584,0.5
6585,1
6586,0.8
6587,1
6588,0.5
6589,0.4
6590,0.4
6591,0.4
6592,0.2
6593,0.1
6594,0.2
6595,0.6
6596,0.5
6597,0.5
6598,0.7
6599,1
6600,0.4
6601,0.3
6602,0
6603,0
6604,0
6605,0.1
6606,0.9
6607,0.1
6608,0.5
6609,0.7
6610,0.8
6611,0.2
6612,0.4
6613,0.2
6614,0.7
6615,0.3
6616,0.4
6617,0.6
6618,0.5
6619,0.9
6620,0.9
6621,0.2
6622,0.7
6623,0.1
6624,0
6625,0.4
6626,0.1
6627,0.3
6628,0
6629,0.8
6630,0.5
6631,0
6632,0.4
6633,0
6634,1
6635,0.7
6636,0.2
6637,0.4
6638,0.2
6639,0.6
6640,0.1
6641,0.3
6642,0.6
6643,0.2
6644,0.9
6645,0.3
6646,0.8
6647,0.7
6648,0.8
6649,0.8
6650,1
6651,0.4
6652,0.7
6653,0.2
6654,0.9
6655,0.9
6656,0.8
6657,0.2
6658,0.1
6659,0.3
6660,0.5
6661,0.9
6662,0.8
6663,0.9
6664,1
6665,0.6
6666,0.3
6667,0
6668,1
6669,0.5
6670,1
6671,0.1
6672,0.3
6673,0.1
6674,0.6
6675,0.8
6676,0.5
6677,1
6678,0.6
6679,0.9
6680,0.9
6681,0.9
6682,0.9
6683,0.1
6684,0.6
6685,0.5
6686,0.9
6687,0.7
6688,0
6689,1
6690,1
6691,0
6692,0.3
6693,1
6694,0.6
6695,1
6696,0.5
6697,0.2
6698,0.3
6699,0.3
6700,0.2
6701,0.4
6702,0.7
6703,0.7
6704,0
6705,0.7
6706,0.5
6707,0.2
6708,0.8
6709,0.3
6710,0.7
6711,0.4
6712,0.2
6713,0.2
6714,1
6715,0.2
6716,0.4
6717,0.9
6718,0.8
6719,0.9
6720,0.8
6721,0.4
6722,0.1
6723,0.8
6724,0.9
6725,0.5
6726,0.4
6727,0.9
6728,0.7
6729,0.3
6730,1
6731,0.3
6732,0.8
6733,0.5
6734,0.2
6735,0.3
6736,0.6
6737,0.6
6738,0.8
6739,0.9
6740,0.4
6741,0.8
6742,0
6743,0.8
6744,0.6
6745,0.4
6746,0.5
6747,0.7
6748,0.6
6749,0.4
6750,1
6751,0.5
6752,0.5
6753,0.2
6754,0.4
6755,0
6756,1
6757,0
6758,0.6
6759,0.2
6760,0.6
6761,0.3
6762,0.4
6763,0.5
6764,1
6765,0.6
6766,0.8
6767,1
6768,0.7
6769,0
6770,0.6
6771,0.7
6772,0.9
6773,0.3
6774,1
6775,0.5
6776,0.2
6777,0
6778,1
6779,0.1
6780,0.3
6781,0.5
6782,0.3
6783,0.9
6784,0.3
6785,0
6786,0.4
6787,0.6
6788,0.8
6789,0.8
6790,0.9
6791,0.7
6792,0.4
6793,0.5
6794,0.4
6795,0.9
6796,0.6
6797,1
6798,1
6799,0.4
6800,1
6801,0.6
6802,0
6803,0.2
6804,0.2
6805,0.4
6806,0.7
6807,0.5
6808,0.9
6809,0.5
6810,0.6
6811,0.9
6812,0.3
6813,0.1
6814,0.4
6815,0.7
6816,1
6817,0.5
6818,1
6819,0.7
6820,0.2
6821,0.2
6822,0.1
6823,0.1
6824,0.6
6825,0.8
6826,0.6
6827,0.6
6828,0.3
6829,0.9
6830,0.8
6831,0.9
6832,0.3
6833,0.9
6834,1
6835,0.6
6836,0
6837,0.7
6838,0.6
6839,0.3
6840,0.6
6841,0.5
6842,0.7
6843,0.7
6844,0.8
6845,0.2
6846,0.9
6847,0.5
6848,0.9
6849,0.8
6850,0.9
6851,0
6852,0.3
6853,1
6854,0
6855,0.7
6856,0.4
6857,0.2
6858,1
6859,0.3
6860,0.9
6861,0.8
6862,0.5
6863,1
6864,0.8
6865,1
6866,0.5
6867,0.6
6868,0.3
6869,0.9
6870,0
6871,0.2
6872,1
6873,0.1
6874,0
6875,0.9
6876,0.9
6877,0.5
6878,0.2
6879,0.7
6880,0.2
6881,0.7
6882,0.1
6883,0.4
6884,0.5
6885,0.3
6886,0
6887,0.1
6888,0.3
6889,0.6
6890,0.3
6891,0.1
6892,0.6
6893,0.2
6894,0.7
6895,0.1
6896,0.2
6897,0.6
6898,0.4
6899,0.5
6900,0.9
6901,0.3
6902,0.7
6903,0.6
6904,0.8
6905,0
6906,0.4
6907,0.5
6908,0.6
6909,0.6
6910,0.1
6911,0.7
6912,0.4
6913,0.1
6914,0.2
6915,0.5
6916,0.9
6917,0.5
6918,0.7
6919,0.7
6920,0.9
6921,0.5
6922,0.4
6923,0.2
6924,0.1
6925,0.8
6926,0
6927,0.8
6928,0.9
6929,1
6930,0.5
6931,0.4
6932,0.2
6933,0.8
6934,0.8
6935,0.2
6936,0.3
6937,0.7
6938,1
6939,0.9
6940,0.3
6941,0.4
6942,0.8
6943,0.7
6944,0.5
6945,0.6
6946,0.6
6947,1
6948,0.4
6949,0.9
6950,1
6951,0.5
6952,0.5
6953,0.4
6954,0.9
6955,0.4
6956,0.2
6957,0.4
6958,0.5
6959,0.4
6960,0.7
6961,0.7
6962,0.9
6963,0.4
6964,0.3
6965,0.7
6966,0.8
6967,0.8
6968,0.2
6969,0.5
6970,0
6971,0.8
6972,0.2
6973,0.1
6974,0.1
6975,0.1
6976,0.1
6977,0.6
6978,0.9
6979,0.1
6980,0.8
6981,0
6982,0.9
6983,0.6
6984,0.5
6985,0
6986,0.7
6987,0.3
6988,0.6
6989,0.4
6990,1
6991,0.5
6992,0.4
6993,0.1
6994,0.7
6995,0.4
6996,0.3
6997,0.3
6998,0.6
6999,0.4
7000,0.5
7001,0.7
7002,0.5
7003,1
7004,0.7
7005,0.5
7006,0.7
7007,0.4
7008,0.3
7009,0.2
7010,0.9
7011,0.8
7012,0.7
7013,0.8
7014,1
7015,0.3
7016,0.3
7017,0.9
7018,1
7019,0.4
7020,0.2
7021,1
7022,0.7
7023,0.6
7024,0.7
7025,0.9
7026,0.9
7027,1
7028,0.8
7029,0.7
7030,0.4
7031,0.3
7032,0.7
7033,0.8
7034,0.1
7035,0.5
7036,0.6
7037,0.2
7038,0.1
7039,0.4
7040,0.7
7041,0.1
7042,0.2
7043,0.1
7044,0.2
7045,0
7046,0.1
7047,0.1
7048,1
7049,0.1
7050,0.3
7051,0.2
7052,0.6
7053,0.9
7054,0.9
7055,0.2
7056,0.6
7057,0.6
7058,0.7
7059,0.9
7060,0.6
7061,0
7062,0.3
7063,0.8
7064,0.8
7065,0.8
7066,0.3
7067,0.3
7068,0.4
7069,0.8
7070,0
7071,0.6
7072,0.3
7073,0.4
7074,0.5
7075,0.9
7076,0.7
7077,0.2
7078,0.2
7079,0.9
7080,0.9
7081,0.6
7082,0.6
7083,0
7084,0.9
7085,0.3
7086,0.7
7087,0.8
7088,0.8
7089,1
7090,0.7
7091,0.6
7092,0.2
7093,0.3
7094,0
7095,0.5
7096,0.6
7097,0.7
7098,0.6
7099,0.8
7100,0.7
7101,1
7102,0.2
7103,0.4
7104,1
7105,0.5
7106,0.1
7107,0.3
7108,0.2
7109,0.5
7110,0.3
7111,0.3
7112,0.6
7113,0.6
7114,0.7
7115,0.8
7116,1
7117,0.7
7118,0.3
7119,0.9
7120,0.7
7121,0.5
7122,0.2
7123,0.4
7124,0.3
7125,1
7126,0.9
7127,1
7128,0.2
7129,0.2
7130,0.5
7131,0
7132,0.4
7133,0.4
7134,0.2
7135,0.9
7136,0.6
7137,0.8
7138,0.8
7139,0.3
7140,0.9
7141,0.3
7142,0
7143,0.2
7144,0.6
7145,0.9
7146,0.6
7147,0.2
7148,0
7149,0.8
7150,0.7
7151,0.2
7152,0.5
7153,0.4
7154,0
7155,0.5
7156,1
7157,0.7
7158,0.3
7159,1
7160,0.9
7161,1
7162,0.7
7163,0.8
7164,0
7165,0.1
7166,0.7
7167,0
7168,0
7169,0.6
7170,0.5
7171,0
7172,0.6
7173,0.4
7174,0.8
7175,0.6
7176,0.1
7177,1
7178,0
7179,0.6
7180,0.4
7181,0.6
7182,0.6
7183,1
7184,0.2
7185,0.2
7186,0.5
7187,0.3
7188,0.6
7189,0
7190,1
7191,0.8
7192,0.8
7193,0.4
7194,0.8
7195,0.3
7196,0.7
7197,0.3
7198,0.6
7199,0.3
7200,0.2
7201,0.8
7202,0.4
7203,0.1
7204,0.3
7205,1
7206,0.1
7207,0.3
7208,0.2
7209,0.4
7210,0.7
7211,0.2
7212,0.5
7213,0.9
7214,0.7
7215,0.6
7216,0.1
7217,0
7218,0.1
7219,0.1
7220,0
7221,1
7222,0.3
7223,0.2
7224,0.9
7225,0.6
7226,0.2
7227,0.8
7228,0
7229,0.4
7230,0.7
7231,0.2
7232,0.5
7233,0.6
7234,0
7235,0
7236,0.4
7237,0.1
7238,0.2
7239,0.7
7240,0.7
7241,0.8
7242,0.9
7243,1
7244,0.2
7245,0.3
7246,1
7247,0.9
7248,0.7
7249,0.1
7250,0.1
7251,0.8
7252,0.8
7253,0.8
7254,0.8
7255,0.8
7256,0.5
7257,0.2
7258,0.2
7259,0.8
7260,0.9
7261,0.2
7262,0.6
7263,0
7264,0.6
7265,0.3
7266,0
7267,0.6
7268,0.7
7269,1
7270,0.3
7271,0.7
7272,0.8
7273,0.3
7274,0.9
7275,0
7276,0
7277,0.3
7278,0.1
7279,0.4
7280,0.7
7281,0.9
7282,1
7283,0.8
7284,0.5
7285,0.1
7286,0
7287,1
7288,0.2
7289,0.3
7290,0.6
7291,0.8
7292,0.3
7293,0.4
7294,0.4
7295,0.7
7296,1
7297,0
7298,1
7299,0.4
7300,0.2
7301,1
7302,0.8
7303,1
7304,0.6
7305,0.7
7306,0.6
7307,0.5
7308,0.2
7309,0.2
7310,0.9
7311,0.6
7312,0.7
7313,0.3
7314,0.6
7315,0.5
7316,0.4
7317,0.8
7318,0.1
7319,0.5
7320,0.3
7321,0.4
7322,0.7
7323,0.8
7324,0.3
7325,0.1
7326,0.1
7327,0.7
7328,1
7329,0.7
7330,1
7331,0.1
7332,0.1
7333,0.5
7334,0.8
7335,0.5
7336,0.4
7337,0.9
7338,0.8
7339,0.8
7340,0.9
7341,0.5
7342,1
7343,0.7
7344,0.6
7345,0.4
7346,0.9
7347,0.4
7348,0.4
7349,1
7350,0.5
7351,0.5
7352,0.8
7353,1
7354,0.2
7355,0.4
7356,0.9
7357,0.6
7358,0
7359,0.7
7360,0.5
7361,0
7362,0.1
7363,0.2
7364,0.4
7365,0.4
7366,0.4
7367,0.9
7368,0.6
7369,0.6
7370,0.4
7371,0.8
7372,0.7
7373,0.1
7374,0.2
7375,0.9
7376,0.5
7377,0.9
7378,0.9
7379,0.8
7380,0.2
7381,1
7382,0.7
7383,0.1
7384,0.9
7385,0.3
7386,0.9
7387,0.8
7388,1
7389,0.2
7390,0.7
7391,0.4
7392,0.3
7393,0.1
7394,0.8
7395,0.1
7396,0.9
7397,0.5
7398,0
7399,0
7400,0
7401,0.4
7402,0.3
7403,1
7404,0.1
7405,0.7
7406,0.1
7407,0
7408,0.2
7409,0.6
7410,0.6
7411,0.8
7412,0.5
7413,0.6
7414,1
7415,0.1
7416,0.6
7417,0.3
7418,0.3
7419,0.6
7420,0.7
7421,0.8
7422,0.3
7423,0.4
7424,0.1
7425,0.2
7426,0.7
7427,0.7
7428,0.6
7429,0.8
7430,0.8
7431,0.3
7432,1
7433,0.3
7434,0.1
7435,0.7
7436,0.7
7437,0.7
7438,0.8
7439,0.3
7440,0
7441,0.1
7442,0.9
7443,0.5
7444,0.5
7445,0.5
7446,0.6
7447,0.6
7448,0.8
7449,0.2
7450,0.7
7451,0.4
7452,0.3
7453,0.9
7454,0.6
7455,0.8
7456,0.9
7457,0.3
7458,0.6
7459,0.5
7460,0.3
7461,0.8
7462,0.7
7463,0.8
7464,0.2
7465,0.4
7466,0.5
7467,0.7
7468,0.5
7469,0.8
7470,0.4
7471,0.5
7472,0.8
7473,1
7474,0.9
7475,0.6
7476,1
7477,1
7478,0
7479,0.9
7480,1
7481,0.3
7482,0.8
7483,0.5
7484,1
7485,0.3
7486,0.5
7487,0.7
7488,0.7
7489,0.4
7490,0.9
7491,0.9
7492,0.1
7493,0.4
7494,0.2
7495,0.1
7496,0.8
7497,0.6
7498,0.6
7499,0.9
7500,0.1
7501,1
7502,0.4
7503,0.3
7504,0.6
7505,0.7
7506,0.8
7507,0.4
7508,0.7
7509,0.2
7510,0.7
7511,0.5
7512,1
7513,0.6
7514,0.5
7515,0.2
7516,0.3
7517,0.4
7518,0.4
7519,0.1
7520,0
7521,0
7522,0.8
7523,0.8
7524,0.4
7525,0.6
7526,0.1
7527,0.6
7528,0
7529,0.6
7530,0
7531,1
7532,0.3
7533,0.4
7534,0.8
7535,0.3
7536,0.3
7537,0.6
7538,0.3
7539,0.4
7540,0
7541,0.5
7542,0
7543,0
7544,0.7
7545,0.9
7546,1
7547,0.2
7548,0.4
7549,0.1
7550,0.5
7551,0.2
7552,0.3
7553,0.1
7554,0.7
7555,0.8
7556,0.9
7557,0
7558,1
7559,0.2
7560,0.5
7561,0.4
7562,0.6
7563,0.7
7564,0
7565,0.3
7566,1
7567,0.5
7568,0.5
7569,0.3
7570,0.9
7571,0.1
7572,0.9
7573,0.6
7574,0.9
7575,0.3
7576,0.9
7577,0.8
7578,0.9
7579,0.6
7580,1
7581,0.6
7582,0.8
7583,0.2
7584,1
7585,0.8
7586,0.2
7587,0.6
7588,0
7589,0.4
7590,0.4
7591,0.9
7592,0.2
7593,0.1
7594,1
7595,0.6
7596,0.5
7597,0.1
7598,0.4
7599,0.3
7600,1
7601,0.6
7602,0.9
7603,0.6
7604,0.6
7605,0.3
7606,0.4
7607,0.3
7608,0.1
7609,0.7
7610,0.3
7611,0.3
7612,0.1
7613,0.8
7614,0.1
7615,0.3
7616,0
7617,0.7
7618,0.1
7619,0.2
7620,0.2
7621,0.9
7622,0.5
7623,0.9
7624,0.6
7625,0.3
7626,0.8
7627,0.7
7628,0.2
7629,0.4
7630,0.9
7631,0.7
7632,1
7633,0.5
7634,0.3
7635,0.7
7636,0.5
7637,0
7638,0.6
7639,0.9
7640,0.4
7641,0.6
7642,0.7
7643,0
7644,0.6
7645,0.9
7646,0.3
7647,0.7
7648,0.8
7649,0.1
7650,0.2
7651,0.8
7652,0.4
7653,0.8
7654,0.9
7655,0.2
7656,0
7657,0.5
7658,0.9
7659,1
7660,0.8
7661,0.7
7662,0.1
7663,0.6
7664,0.1
7665,0.8
7666,0.8
7667,0.9
7668,0.8
7669,0.5
7670,1
7671,0.3
7672,0.2
7673,1
7674,0.7
7675,0.8
7676,0.6
7677,0.8
7678,0.1
7679,0.4
7680,0.3
7681,0.3
7682,0.2
7683,1
7684,0.4
7685,0.8
7686,0.1
7687,0.5
7688,0.2
7689,0.1
7690,0.9
7691,0.5
7692,1
7693,0.4
7694,0.7
7695,0
7696,0.3
7697,0
7698,0.4
7699,1
7700,0.1
7701,0.3
7702,0.3
7703,0.4
7704,0.8
7705,0
7706,0.4
7707,0.3
7708,0.4
7709,0.6
7710,0.5
7711,0.1
7712,0.8
7713,0.3
7714,0.9
7715,0.8
7716,0.1
7717,0.6
7718,0.7
7719,0.4
7720,0.5
7721,1
7722,0
7723,0.6
7724,0.3
7725,0.2
7726,0
7727,0.3
7728,0.5
7729,0.2
7730,1
7731,0.4
7732,0.4
7733,0.5
7734,0
7735,0.4
7736,0.3
7737,0.6
7738,0.8
7739,0.3
7740,0.8
7741,0
7742,0.9
7743,0
7744,0.3
7745,0.8
7746,0.1
7747,0.1
7748,0.2
7749,0
7750,0.7
7751,0.8
7752,0.1
7753,0.2
7754,0.6
7755,1
7756,0.3
7757,0
7758,0.6
7759,0.5
7760,0.9
7761,0.7
7762,0.6
7763,0.1
7764,0.8
7765,0.6
7766,1
7767,0.7
7768,0.5
7769,0.2
7770,0.7
7771,0
7772,0.6
7773,0.9
7774,0.4
7775,0.4
7776,0.2
7777,0.5
7778,0.5
7779,0.6
7780,0.2
7781,0.6
7782,0.2
7783,0.9
7784,0.4
7785,0.5
7786,0.5
7787,0.8
7788,0
7789,0.9
7790,0.7
7791,0.5
7792,0.4
7793,0.1
7794,0.6
7795,1
7796,1
7797,0
7798,0
7799,0
7800,0.3
7801,0.2
7802,0.4
7803,0.3
7804,0.6
7805,0.8
7806,0.9
7807,0.8
7808,0.6
7809,0.6
7810,0.3
7811,0.3
7812,0.4
7813,1
7814,0.7
7815,0.1
7816,0
7817,0.5
7818,0.4
7819,0.4
7820,0.5
7821,0.1
7822,0.8
7823,0.1
7824,0.5
7825,0.5
7826,0.6
7827,0
7828,1
7829,0.9
7830,0.7
7831,0.2
7832,0.1
7833,0.1
7834,0.8
7835,0.4
7836,0.1
7837,0.2
7838,0.9
7839,0.6
7840,0.9
7841,1
7842,0.3
7843,0
7844,0.8
7845,0.7
7846,0.2
7847,0.6
7848,0.9
7849,1
7850,0.2
7851,0.5
7852,0.8
7853,0.1
7854,0
7855,0.3
7856,0.5
7857,0.5
7858,0.8
7859,0.7
7860,0.7
7861,0.2
7862,0.7
7863,0.1
7864,0.8
7865,0.7
7866,1
7867,1
7868,0.2
7869,0.3
7870,0.4
7871,0.5
7872,0.7
7873,0.4
7874,0.1
7875,1
7876,0.2
7877,0.1
7878,0.8
7879,0.2
7880,0.6
7881,0.9
7882,0.3
7883,0.9
7884,0.3
7885,0
7886,0.1
7887,0.2
7888,0.3
7889,1
7890,0.1
7891,0.6
7892,0.4
7893,0.5
7894,0.1
7895,0.3
7896,0.3
7897,0.7
7898,1
7899,0
7900,1
7901,0.4
7902,0.4
7903,0.6
7904,0
7905,0.7
7906,1
7907,0.6
7908,0.3
7909,0.9
7910,0.8
7911,0.4
7912,0.6
7913,0
7914,0.9
7915,0.2
7916,0
7917,0.1
7918,0.5
7919,0.6
7920,0.3
7921,0.6
7922,0.7
7923,0.6
7924,0.8
7925,0.9
7926,0.7
7927,0.3
7928,0
7929,0.9
7930,0.7
7931,0.9
7932,0.7
7933,0.9
7934,0.7
7935,0
7936,0.5
7937,0.7
7938,0
7939,0.3
7940,0.2
7941,0.4
7942,0.7
7943,0.4
7944,0.9
7945,0.9
7946,1
7947,0.6
7948,0.2
7949,1
7950,0.9
7951,0.5
7952,0.5
7953,0.8
7954,0.3
7955,0.3
7956,0.3
7957,0
7958,0.6
7959,0.9
7960,0.2
7961,0.3
7962,0
7963,0
7964,0.6
7965,0.7
7966,0.1
7967,0.5
7968,0.3
7969,1
7970,0
7971,0.6
7972,0.4
7973,0.8
7974,0.5
7975,0.6
7976,0.3
7977,0.9
7978,0.6
7979,0.5
7980,0.2
7981,0.3
7982,0.3
7983,0.3
7984,0.2
7985,0
7986,0.9
7987,0.8
7988,0.4
7989,0.4
7990,0.1
7991,0.7
7992,0.3
7993,1
7994,0
7995,0
7996,0
7997,0.8
7998,0.5
7999,1
8000,0
8001,0.7
8002,0.8
8003,0.4
8004,0.4
8005,0.1
8006,0.4
8007,1
8008,0
8009,0
8010,1
8011,0.2
8012,1
8013,0
8014,0.8
8015,0.4
8016,0.2
8017,0.9
8018,0
8019,0.6
8020,0.3
8021,0
8022,0.9
8023,0.3
8024,0.9
8025,0.4
8026,0.6
8027,0.6
8028,0.3
8029,0.8
8030,0.6
8031,0.4
8032,0.9
8033,0
8034,0.2
8035,1
8036,1
8037,0.9
8038,0.4
8039,0.1
8040,0.3
8041,0.8
8042,0.2
8043,1
8044,1
8045,0.6
8046,1
8047,0.3
8048,0.7
8049,0.2
8050,0.1
8051,0.6
8052,0.7
8053,0.8
8054,0
8055,1
8056,0.8
8057,0.7
8058,0.1
8059,0.1
8060,0.9
8061,0.3
8062,0.5
8063,0.3
8064,0.1
8065,1
8066,0.4
8067,0.9
8068,0.3
8069,0.3
8070,0.2
8071,1
8072,0.8
8073,0.8
8074,1
8075,0.5
8076,0.6
8077,1
8078,0.2
8079,0.3
8080,1
8081,0.3
8082,0.2
8083,0.4
8084,0.2
8085,0.2
8086,0.7
8087,0.1
8088,0.6
8089,1
8090,0.7
8091,1
8092,0.9
8093,0.7
8094,0.2
8095,0.8
8096,0.2
8097,0.8
8098,0.3
8099,0.2
8100,0.4
8101,0.2
8102,0.5
8103,0
8104,0.9
8105,0.8
8106,0.4
8107,0.6
8108,1
8109,1
8110,0.7
8111,0.5
8112,0.8
8113,0
8114,0.4
8115,0.5
8116,0.6
8117,0.5
8118,0
8119,0.4
8120,0.1
8121,0.8
8122,0.6
8123,0.7
8124,0.4
8125,0.1
8126,0.9
8127,0.1
8128,0.1
8129,0.7
8130,1
8131,0.9
8132,0.7
8133,0.6
8134,0.5
8135,0.2
8136,0.5
8137,0.1
8138,0.2
8139,0.7
8140,0.9
8141,0.2
8142,0.6
8143,1
8144,0.2
8145,0.3
8146,0.1
8147,0.8
8148,0.1
8149,1
8150,0.3
8151,0.8
8152,0.2
8153,0.6
8154,0.2
8155,0.1
8156,0.6
8157,0.1
8158,0.1
8159,0.9
8160,0.9
8161,1
8162,0.4
8163,0.5
8164,0.2
8165,0.1
8166,0.1
8167,0.5
8168,0.8
8169,0.3
8170,0.7
8171,0.4
8172,0
8173,0
8174,0
8175,0.4
8176,0.1
8177,0.3
8178,1
8179,0.8
8180,0.4
8181,0.9
8182,0.5
8183,0.5
8184,0.6
8185,0.4
8186,0.5
8187,0.9
8188,0
8189,0.4
8190,0.4
8191,0.8
8192,0.2
8193,0.8
8194,0.3
8195,0.9
8196,0.7
8197,1
8198,0.4
8199,0.5
8200,0.3
8201,0.8
8202,0.5
8203,0.2
8204,0
8205,0.9
8206,0.7
8207,0.2
8208,0.2
8209,0.4
8210,1
8211,0.1
8212,0.9
8213,0.5
8214,0.8
8215,0.1
8216,0.6
8217,0
8218,0.1
8219,0.7
8220,0.6
8221,0.5
8222,0.3
8223,0.8
8224,1
8225,0.6
8226,0.9
8227,0.1
8228,0.2
8229,0.2
8230,0.8
8231,0.1
8232,0.2
8233,0.4
8234,0.8
8235,0.4
8236,0.2
8237,0.8
8238,0.8
8239,0.6
8240,0.1
8241,0.8
8242,0.2
8243,0.9
8244,0.3
8245,0.2
8246,0
8247,1
8248,0.6
8249,0.6
8250,0.8
8251,0.1
8252,0.7
8253,0.5
8254,0.6
8255,0.7
8256,0.5
8257,0.2
8258,0.7
8259,0
8260,0.4
8261,0.6
8262,0
8263,0.6
8264,0.9
8265,0.6
8266,0
8267,0.9
8268,0.4
8269,0.2
8270,0.6
8271,0.4
8272,0.6
8273,0.3
8274,0.8
8275,1
8276,0.2
8277,1
8278,0
8279,0.5
8280,0.8
8281,0.3
8282,0.4
8283,1
8284,0.7
8285,0.9
8286,0.6
8287,0.8
8288,0
8289,0
8290,0.3
8291,0.9
8292,0.6
8293,1
8294,0.4
8295,0.9
8296,0.9
8297,0.4
8298,0.1
8299,0
8300,1
8301,1
8302,0.1
8303,0.1
8304,0
8305,0.4
8306,0.5
8307,0.5
8308,1
8309,0.3
8310,0.5
8311,0.4
8312,0.5
8313,0.5
8314,0.1
8315,1
8316,0.5
8317,0.9
8318,0.8
8319,0.4
8320,0.4
8321,0.8
8322,0.1
8323,0.8
8324,0.8
8325,0.9
8326,0.6
8327,0.4
8328,0.6
8329,0.3
8330,0
8331,1
8332,0.9
8333,0.8
8334,0.4
8335,0.5
8336,0.4
8337,0.7
8338,0.6
8339,0.5
8340,1
8341,0.9
8342,0.1
8343,0.8
8344,0.2
8345,0.5
8346,0.3
8347,0.1
8348,0.3
8349,0.8
8350,0
8351,0.5
8352,0.6
8353,0.6
8354,1
8355,0
8356,0.2
8357,0.3
8358,0.5
8359,0
8360,0
8361,0
8362,0.1
8363,0.1
8364,0.2
8365,0.5
8366,0.3
8367,0.7
8368,0.8
8369,0.2
8370,0.4
8371,0.4
8372,0.2
8373,0.2
8374,0.2
8375,0.3
8376,0.8
8377,0.2
8378,0.4
8379,0.8
8380,0.3
8381,0.2
8382,0.6
8383,0.3
8384,0.9
8385,0.2
8386,0
8387,0.4
8388,0.5
8389,0.4
8390,0.6
8391,0.8
8392,0
8393,1
8394,0.6
8395,0.3
8396,0.1
8397,0.8
8398,0.7
8399,0.6
8400,0.6
8401,0.9
8402,0.1
8403,1
8404,0.7
8405,1
8406,0.7
8407,0.1
8408,0.5
8409,0.7
8410,0.8
8411,0.8
8412,0.9
8413,0.7
8414,0.1
8415,0.4
8416,0.7
8417,0.4
8418,0.3
8419,0.6
8420,0.9
8421,0.7
8422,0.2
8423,0.2
8424,0.2
8425,0.9
8426,0.2
8427,0.6
8428,0.8
8429,0
8430,0.1
8431,0.7
8432,0.6
8433,0.7
8434,0
8435,0
8436,0.7
8437,0.4
8438,0.4
8439,0.6
8440,1
8441,0.3
8442,0.2
8443,0.8
8444,0.4
8445,0.1
8446,0
8447,0
8448,0.5
8449,0.4
8450,0.2
8451,0.8
8452,0.5
8453,0.1
8454,0.4
8455,0.4
8456,1
8457,0.2
8458,0.8
8459,0.1
8460,0.4
8461,0.9
8462,0.1
8463,0.1
8464,0.5
8465,0.1
8466,0
8467,1
8468,0.3
8469,1
8470,0.4
8471,0.2
8472,0.6
8473,0.5
8474,0
8475,0
8476,0.7
8477,0.7
8478,1
8479,0.1
8480,0.6
8481,0.5
8482,0.4
8483,0.8
8484,0.6
8485,0.4
8486,0.8
8487,0
8488,0.3
8489,0.7
8490,0.1
8491,0
8492,0.2
8493,0.1
8494,0.4
8495,0
8496,0.6
8497,0.5
8498,0
8499,0.4
8500,0.5
8501,0.4
8502,0.6
8503,0.8
8504,0.8
8505,0.3
8506,0.7
8507,0.3
8508,0
8509,0.6
8510,0.5
8511,0.3
8512,0
8513,0.1
8514,0.2
8515,0.8
8516,0.1
8517,0.4
8518,0.4
8519,0.7
8520,0.8
8521,0.1
8522,0.1
8523,0.2
8524,0.7
8525,0.9
8526,0.4
8527,1
8528,0.8
8529,1
8530,0.6
8531,0.9
8532,0.8
8533,0.6
8534,0
8535,0.8
8536,0.7
8537,0.1
8538,0.1
8539,0
8540,0.7
8541,0.8
8542,0.2
8543,1
8544,0.9
8545,0.9
8546,0.3
8547,0
8548,0.9
8549,0.4
8550,0.1
8551,0
8552,0.6
8553,0.8
8554,0.5
8555,0.2
8556,0.9
8557,1
8558,0.1
8559,0.2
8560,0.2
8561,0.2
8562,0.5
8563,0.1
8564,1
8565,0.5
8566,0.2
8567,0.8
8568,1
8569,0.6
8570,0.8
8571,0.6
8572,0.2
8573,1
8574,0.2
8575,0.8
8576,0.1
8577,0.1
8578,0.1
8579,0.1
8580,0.3
8581,0.9
8582,0.5
8583,0.2
8584,0.3
8585,1
8586,0.1
8587,0.7
8588,0.5
8589,1
8590,0.3
8591,0.6
8592,0.5
8593,0.8
8594,0.9
8595,0.2
8596,0.9
8597,0.7
8598,0.9
8599,0.8
8600,1
8601,0.6
8602,1
8603,0.4
8604,0.7
8605,0.1
8606,0.8
8607,0.2
8608,0
8609,0.7
8610,0.7
8611,0
8612,0.3
8613,0.3
8614,0.2
8615,0.4
8616,0.8
8617,0
8618,0.6
8619,0.6
8620,0.2
8621,0.1
8622,1
8623,0.6
8624,0.7
8625,0.7
8626,0.6
8627,0.8
8628,1
8629,0.9
8630,0.6
8631,0.9
8632,0.6
8633,0.1
8634,0.8
8635,0.5
8636,0.1
8637,0.2
8638,0
8639,0.5
8640,0.6
8641,0
8642,0.5
8643,0.3
8644,0.7
8645,0.7
8646,0
8647,0.4
8648,0.6
8649,0.3
8650,0.8
8651,0.4
8652,1
8653,0.4
8654,0
8655,1
8656,0.1
8657,0.2
8658,0.4
8659,0.8
8660,0.1
8661,0.3
8662,0
8663,0.3
8664,0.9
8665,0.8
8666,0.8
8667,0
8668,0.2
8669,0.1
8670,0.4
8671,0.8
8672,0
8673,0.4
8674,0
8675,0.2
8676,0.7
8677,0.9
8678,0.4
8679,0
8680,0.4
8681,0.3
8682,1
8683,0.6
8684,0.2
8685,0.6
8686,0.5
8687,0.2
8688,0.6
8689,0.6
8690,1
8691,0.1
8692,0.7
8693,0.8
8694,0.5
8695,0.9
8696,0.8
8697,0.1
8698,1
8699,0.2
8700,0.4
8701,0.9
8702,0.2
8703,1
8704,0.5
8705,0.9
8706,0.8
8707,0.1
8708,0.2
8709,0.5
8710,0.3
8711,0.6
8712,0.5
8713,0.8
8714,1
8715,0.4
8716,1
8717,0.5
8718,0.9
8719,0.6
8720,0.4
8721,0.7
8722,0.1
8723,0.3
8724,0.1
8725,0.6
8726,0.6
8727,0.1
8728,0.7
8729,0.9
8730,0.6
8731,1
8732,0.2
8733,0.9
8734,0.2
8735,0.4
8736,1
8737,0.6
8738,0
8739,0.5
8740,0.7
8741,0.3
8742,0.6
8743,0.4
8744,0.3
8745,0.8
8746,0
8747,0.6
8748,1
8749,0.7
8750,0.5
8751,0.4
8752,0.4
8753,0.9
8754,0
8755,0.3
8756,0.5
8757,0.9
8758,0.4
8759,0.7
8760,0.4
8761,0.3
8762,0
8763,0.3
8764,0.3
8765,1
8766,0.8
8767,0.7
8768,0.6
8769,0
8770,0.6
8771,1
8772,0.2
8773,0.8
8774,0.1
8775,0.3
8776,0
8777,0.6
8778,0.9
8779,0.3
8780,0
8781,0.5
8782,0.8
8783,0.7
8784,0.7
8785,0.1
8786,1
8787,0.6
8788,0.1
8789,0.6
8790,0.7
8791,0
8792,0.6
8793,0.1
8794,0.8
8795,0.1
8796,0.4
8797,0.6
8798,0.8
8799,1
8800,0.6
8801,0.3
8802,0
8803,0.5
8804,0.2
8805,0.1
8806,0.1
8807,0.1
8808,1
8809,0.2
8810,0.1
8811,0.7
8812,0
8813,0.2
8814,0.2
8815,0.5
8816,0.7
8817,0.6
8818,0.7
8819,0.9
8820,1
8821,0.5
8822,0.9
8823,0.5
8824,0
8825,0.6
8826,0.4
8827,0.6
8828,0.2
8829,0
8830,0.5
8831,0.4
8832,0.4
8833,0.9
8834,0.2
8835,0.1
8836,0.2
8837,0.8
8838,0
8839,0.6
8840,0.6
8841,0
8842,0.1
8843,0.8
8844,0.6
8845,0.4
8846,0.9
8847,0.5
8848,0
8849,0.7
8850,0.7
8851,0.3
8852,0.5
8853,0.7
8854,0.7
8855,0
8856,0.6
8857,0.9
8858,1
8859,0.5
8860,0.2
8861,0.7
8862,0.4
8863,0.4
8864,0.4
8865,0.4
8866,0.7
8867,0.2
8868,0.8
8869,0.6
8870,0.8
8871,0.9
8872,0.5
8873,0
8874,0.8
8875,0
8876,1
8877,0
8878,0.4
8879,0.6
8880,0.3
8881,0.6
8882,0.8
8883,0.5
8884,0.2
8885,0.1
8886,0
8887,0.6
8888,0.9
8889,0.1
8890,0.3
8891,0.7
8892,1
8893,0
8894,0.9
8895,0.7
8896,0.8
8897,0.3
8898,0.5
8899,0.4
8900,0.3
8901,0.2
8902,0.6
8903,0.8
8904,0
8905,0.9
8906,0.3
8907,0.9
8908,0.2
8909,0.5
8910,0.4
8911,0.8
8912,0.7
8913,0.9
8914,0.5
8915,0.4
8916,0.5
8917,0
8918,0
8919,0
8920,0.1
8921,0.3
8922,0.9
8923,0.3
8924,0.5
8925,0.9
8926,0.9
8927,0.7
8928,0.1
8929,0.9
8930,0.9
8931,1
8932,0.8
8933,1
8934,0.5
8935,0.9
8936,0.1
8937,0.5
8938,0.4
8939,0.4
8940,0.9
8941,0.3
8942,0.8
8943,0.7
8944,1
8945,0.7
8946,1
8947,0.7
8948,0
8949,0.6
8950,0.9
8951,0.4
8952,0
8953,0.8
8954,0.7
8955,1
8956,0.9
8957,0
8958,0.6
8959,1
8960,0.9
8961,0.4
8962,1
8963,0.2
8964,1
8965,0.6
8966,0
8967,0.8
8968,0.7
8969,0.7
8970,1
8971,0.6
8972,1
8973,0
8974,1
8975,0
8976,0
8977,0.6
8978,0.3
8979,0.9
8980,0.5
8981,0.6
8982,0.1
8983,0.2
8984,0.4
8985,0.1
8986,0.1
8987,0.4
8988,0.2
8989,0.5
8990,0.4
8991,0.9
8992,0.6
8993,1
8994,0.9
8995,0.9
8996,0.1
8997,0.9
8998,0.2
8999,0.5
9000,0.5
9001,0.4
9002,0.4
9003,0.4
9004,0.5
9005,0.5
9006,0.8
9007,1
9008,0.6
9009,0.1
9010,0.2
9011,1
9012,0.4
9013,0.4
9014,1
9015,0.4
9016,0.2
9017,0.5
9018,0.9
9019,0.9
9020,0
9021,1
9022,0.6
9023,0
9024,0.8
9025,1
9026,0.3
9027,1
9028,0.9
9029,1
9030,0.9
9031,0.1
9032,0.9
9033,0.5
9034,0
9035,0.6
9036,0.2
9037,0.8
9038,0.2
9039,0.2
9040,0.8
9041,0.1
9042,0.4
9043,0.5
9044,0.4
9045,0.9
9046,0.8
9047,1
9048,0.4
9049,0.5
9050,0.3
9051,1
9052,0.3
9053,0.9
9054,0.5
9055,0
9056,0.5
9057,0.3
9058,0.7
9059,0.8
9060,0.6
9061,0.3
9062,0.6
9063,0
9064,0.8
9065,0.4
9066,0.4
9067,0.4
9068,0
9069,0.2
9070,0.5
9071,1
9072,1
9073,1
9074,0.3
9075,1
9076,0.3
9077,0.7
9078,0.6
9079,0
9080,0.5
9081,0.7
9082,0.4
9083,0.3
9084,0.4
9085,0.6
9086,0.6
9087,0.8
9088,0.4
9089,1
9090,1
9091,0.4
9092,0.6
9093,0.5
9094,1
9095,1
9096,0.2
9097,0.8
9098,0.9
9099,0.7
9100,0.1
9101,0.8
9102,0.9
9103,1
9104,0.2
9105,0.6
9106,1
9107,0.6
9108,0.7
9109,0.9
9110,0.6
9111,0.3
9112,0.7
9113,1
9114,0.2
9115,0.4
9116,0.5
9117,0.7
9118,0.2
9119,0.9
9120,0.7
9121,0.9
9122,1
9123,0.3
9124,0.9
9125,0.1
9126,0.6
9127,0.8
9128,1
9129,0.9
9130,0.2
9131,0.1
9132,0.6
9133,0.5
9134,0.5
9135,0.4
9136,1
9137,0.5
9138,1
9139,1
9140,0.1
9141,1
9142,1
9143,0.1
9144,0.2
9145,1
9146,0.7
9147,0.6
9148,0
9149,0.6
9150,0.7
9151,0.9
9152,0.1
9153,0.8
9154,0.8
9155,0.9
9156,0.3
9157,0.4
9158,0.6
9159,0.2
9160,0.8
9161,0.4
9162,0.4
9163,0.5
9164,0.5
9165,0.7
9166,0.4
9167,0.5
9168,0.8
9169,0.2
9170,0.4
9171,0.8
9172,0
9173,0.3
9174,0.3
9175,0.3
9176,0.3
9177,0.6
9178,0.4
9179,0.7
9180,0.7
9181,0.3
9182,1
9183,1
9184,0.8
9185,0.9
9186,1
9187,0.1
9188,0.3
9189,0.1
9190,1
9191,0.9
9192,0.9
9193,0.2
9194,0.7
9195,0.9
9196,0.5
9197,0.7
9198,1
9199,0.2
9200,0.4
9201,0.5
9202,0.9
9203,0.2
9204,1
9205,0.9
9206,0.5
9207,0.3
9208,0.6
9209,0.1
9210,0.9
9211,1
9212,0.6
9213,0.2
9214,0.8
9215,1
9216,1
9217,0.6
9218,0.2
9219,0.1
9220,0.7
9221,0.3
9222,0.9
9223,0
9224,0.6
9225,0.2
9226,1
9227,0.3
9228,0.6
9229,0.3
9230,0.9
9231,0.6
9232,0.5
9233,1
9234,0.2
9235,0.1
9236,1
9237,0.4
9238,1
9239,0.1
9240,0.3
9241,0.4
9242,0.5
9243,0.7
9244,0.8
9245,0.5
9246,0.3
9247,0.5
9248,0.4
9249,0.9
9250,0.1
9251,0.2
9252,0.1
9253,0.6
9254,0.8
9255,0.4
9256,0.9
9257,0.8
9258,0.6
9259,0.3
9260,1
9261,0.5
9262,0.9
9263,1
9264,0.4
9265,0.3
9266,0.9
9267,0
9268,0.7
9269,0.3
9270,0.5
9271,0.5
9272,0.9
9273,0.9
9274,0.1
9275,0
9276,0
9277,0.6
9278,0.3
9279,0.7
9280,0.3
9281,1
9282,0.7
9283,0.8
9284,0.2
9285,0.1
9286,0.4
9287,0
9288,0.7
9289,0.9
9290,0.5
9291,1
9292,0.3
9293,0.5
9294,0.3
9295,0.9
9296,0.7
9297,0.6
9298,0
9299,0.7
9300,0.1
9301,0
9302,0.9
9303,0.3
9304,0.2
9305,0.4
9306,0.8
9307,0.7
9308,0.5
9309,1
9310,0.4
9311,0.1
9312,0.2
9313,0.7
9314,0.8
9315,0.2
9316,0.3
9317,0
9318,1
9319,0
9320,0.3
9321,0.4
9322,0.7
9323,0.3
9324,0.6
9325,0
9326,0.9
9327,0.8
9328,0.1
9329,0
9330,0.8
9331,0.1
9332,0.1
9333,0.8
9334,0.6
9335,0.3
9336,1
9337,0.5
9338,0.9
9339,0.2
9340,0.3
9341,0
9342,0.1
9343,0.3
9344,0.6
9345,0.5
9346,1
9347,0.5
9348,0.4
9349,0.8
9350,0.6
9351,0.4
9352,0.1
9353,0.6
9354,0.2
9355,0.9
9356,1
9357,1
9358,0.2
9359,0.4
9360,0.7
9361,0.4
9362,0.6
9363,0.7
9364,0
9365,0.2
9366,0.1
9367,0.6
9368,0.4
9369,0
9370,0.2
9371,0.7
9372,0.7
9373,0.7
9374,0.5
9375,0.3
9376,0.9
9377,1
9378,0.9
9379,0.9
9380,1
9381,0.8
9382,0.6
9383,0.1
9384,0.7
9385,0.8
9386,0.9
9387,0.1
9388,0.4
9389,0.6
9390,0.1
9391,0.3
9392,0.6
9393,0.1
9394,0.6
9395,0.3
9396,0.5
9397,0.1
9398,0.9
9399,0.2
9400,0.1
9401,0.9
9402,0.7
9403,0.9
9404,0.7
9405,0.2
9406,0.3
9407,0.7
9408,0.4
9409,0.6
9410,0.4
9411,0.7
9412,0.3
9413,0.6
9414,0.1
9415,0.7
9416,0.4
9417,0.8
9418,0.9
9419,0.7
9420,0.9
9421,0
9422,0.4
9423,0.2
9424,0.2
9425,0.7
9426,0.1
9427,0.2
9428,0.8
9429,0.1
9430,0
9431,0.9
9432,0.6
9433,1
9434,0.1
9435,0.1
9436,0.8
9437,1
9438,0.3
9439,0
9440,1
9441,0.1
9442,0
9443,0.7
9444,1
9445,0.3
9446,0.5
9447,0.9
9448,0.4
9449,0.7
9450,0
9451,0.9
9452,0.1
9453,0.8
9454,0.3
9455,0.3
9456,1
9457,1
9458,0.7
9459,0.8
9460,0.1
9461,0.2
9462,0.2
9463,0.4
9464,1
9465,0.9
9466,0.1
9467,0.3
9468,0.7
9469,0.7
9470,0.9
9471,0.5
9472,0.1
9473,0.2
9474,0.3
9475,0.2
9476,1
9477,0.1
9478,0.4
9479,0.1
9480,0.2
9481,0.9
9482,0.3
9483,0.1
9484,1
9485,1
9486,0.9
9487,0.1
9488,0
9489,0.7
9490,0.1
9491,0.6
9492,1
9493,0.1
9494,0.9
9495,0.9
9496,0.8
9497,0.7
9498,0.8
9499,0.3
9500,0.7
9501,0.9
9502,0.8
9503,0
9504,0.4
9505,0.4
9506,1
9507,0.2
9508,0.2
9509,0.2
9510,1
9511,0.2
9512,0.4
9513,0.4
9514,0.5
9515,0.2
9516,0.4
9517,0.4
9518,0.5
9519,0.3
9520,1
9521,0.3
9522,0.1
9523,0.2
9524,0.5
9525,0.9
9526,0.6
9527,1
9528,0.9
9529,0.7
9530,0.4
9531,0.9
9532,0.9
9533,0
9534,0.4
9535,0.8
9536,0.7
9537,0.9
9538,0.1
9539,0
9540,0.6
9541,0.2
9542,0.3
9543,0.5
9544,0.1
9545,0
9546,0.2
9547,0.2
9548,0.1
9549,0.8
9550,0.3
9551,0.9
9552,0.3
9553,0.1
9554,0.4
9555,0.6
9556,0.4
9557,0.8
9558,0.7
9559,0.4
9560,0.8
9561,1
9562,0
9563,0.9
9564,1
9565,0.9
9566,0.6
9567,0.1
9568,0
9569,0.8
9570,0.1
9571,0.9
9572,0.2
9573,0.6
9574,0.3
9575,0.3
9576,0.5
9577,0.1
9578,0.6
9579,0.9
9580,0.3
9581,0.9
9582,0.4
9583,0.4
9584,0.9
9585,0.9
9586,0.8
9587,0.7
9588,0.5
9589,0.9
9590,0.9
9591,0
9592,0.2
9593,1
9594,0.3
9595,0.9
9596,0.3
9597,0.4
9598,0.4
9599,0.9
9600,0.7
9601,0.9
9602,0.7
9603,0.7
9604,0.4
9605,0.3
9606,0.5
9607,0.8
9608,0.2
9609,0.2
9610,0.4
9611,0
9612,0.4
9613,0.4
9614,0.5
9615,0
9616,0.9
9617,0.6
9618,0.4
9619,0.5
9620,0.8
9621,0.5
9622,0.1
9623,0.4
9624,0
9625,0.9
9626,0.4
9627,0
9628,0.2
9629,0.8
9630,1
9631,0.7
9632,0.5
9633,0.5
9634,0.6
9635,0
9636,0.1
9637,0.1
9638,0.3
9639,1
9640,0.4
9641,0.1
9642,0.6
9643,0.1
9644,0.1
9645,0.4
9646,0.6
9647,0.4
9648,0.2
9649,0.8
9650,0.9
9651,0.4
9652,0.1
9653,0.6
9654,0.9
9655,0.1
9656,0.5
9657,0.4
9658,0.9
9659,0.1
9660,0.8
9661,0.5
9662,0.6
9663,0.2
9664,0.1
9665,0.6
9666,0.7
9667,0.2
9668,0.3
9669,1
9670,0.4
9671,0.7
9672,0.8
9673,0.2
9674,0.4
9675,1
9676,0
9677,0.1
9678,0.2
9679,0.2
9680,0.1
9681,0.9
9682,0.1
9683,1
9684,0.2
9685,1
9686,0.2
9687,0.2
9688,0.4
9689,0.1
9690,0.7
9691,1
9692,0.9
9693,0.8
9694,0.8
9695,0.6
9696,0.1
9697,0
9698,1
9699,0.8
9700,0.7
9701,0.1
9702,0.7
9703,0.9
9704,0.5
9705,0.1
9706,0
9707,0
9708,0.4
9709,0.4
9710,0.4
9711,1
9712,0.4
9713,0.9
9714,0.5
9715,0.8
9716,0.8
9717,0.2
9718,0.5
9719,0.8
9720,0.9
9721,0.7
9722,0.7
9723,0.5
9724,0.5
9725,0.3
9726,0.9
9727,0.9
9728,0.4
9729,0.2
9730,0
9731,0.7
9732,0.8
9733,1
9734,0.7
9735,0.4
9736,0.1
9737,0.6
9738,0.2
9739,0.4
9740,0.2
9741,0.8
9742,0.5
9743,0.1
9744,1
9745,0.9
9746,0.8
9747,0.3
9748,0.1
9749,0
9750,0.9
9751,1
9752,0.3
9753,0.6
9754,0.8
9755,0
9756,1
9757,0.5
9758,0.1
9759,0.3
9760,0.7
9761,0.6
9762,0
9763,0
9764,0.8
9765,0.3
9766,0.8
9767,0.9
9768,0.6
9769,0.7
9770,0.3
9771,0.4
9772,0.2
9773,0.3
9774,0.7
9775,0.2
9776,1
9777,0.4
9778,0.5
9779,0
9780,0.1
9781,0.8
9782,1
9783,0.6
9784,0.2
9785,0.7
9786,0.2
9787,0.1
9788,0.6
9789,1
9790,0.1
9791,0.6
9792,1
9793,0.1
9794,0.3
9795,0.6
9796,0.3
9797,0.7
9798,0.9
9799,0.4
9800,0.6
9801,0.2
9802,0.1
9803,0.5
9804,0
9805,0.8
9806,0.4
9807,0.1
9808,0.1
9809,1
9810,1
9811,0.2
9812,0.6
9813,0.6
9814,0.8
9815,0.1
9816,0.7
9817,0.2
9818,0.6
9819,0.5
9820,0
9821,0.2
9822,1
9823,0
9824,0.5
9825,0.7
9826,0.3
9827,0.9
9828,0.7
9829,0.9
9830,1
9831,0.7
9832,0.3
9833,0.7
9834,0.7
9835,0.5
9836,0.1
9837,0
9838,1
9839,1
9840,0.9
9841,0.8
9842,0.9
9843,1
9844,0.4
9845,0.7
9846,0.7
9847,0.2
9848,0.4
9849,0.8
9850,0.3
9851,0.5
9852,0.3
9853,0.8
9854,0.9
9855,0.5
9856,0.2
9857,0.5
9858,0.1
9859,0.4
9860,0.6
9861,0.8
9862,0.8
9863,0.5
9864,0.7
9865,0.1
9866,1
9867,0.4
9868,0.5
9869,0.7
9870,0.3
9871,0.4
9872,0.1
9873,0.8
9874,0.7
9875,0.3
9876,0.7
9877,0.9
9878,0.1
9879,0.4
9880,0.5
9881,0.8
9882,0.6
9883,0.9
9884,0.7
9885,0.9
9886,0.4
9887,0
9888,1
9889,0.7
9890,0.1
9891,0.5
9892,0.1
9893,0.4
9894,0.7
9895,0.5
9896,0.6
9897,1
9898,0.3
9899,1
9900,0.1
9901,0.3
9902,1
9903,0.5
9904,1
9905,0.4
9906,0.9
9907,0.5
9908,0.5
9909,0.3
9910,0.1
9911,0.2
9912,1
9913,0.5
9914,0
9915,0.9
9916,0.7
9917,0.4
9918,0.6
9919,0.4
9920,0.1
9921,0.8
9922,0.6
9923,1
9924,0.7
9925,0.9
9926,0.4
9927,0.3
9928,0.1
9929,0.2
9930,0.8
9931,0.1
9932,1
9933,0.4
9934,0.6
9935,0.6
9936,0.9
9937,0.9
9938,1
9939,1
9940,0.6
9941,0.6
9942,0.6
9943,0.1
9944,0.6
9945,0.2
9946,0
9947,1
9948,1
9949,0.1
9950,0.1
9951,0.2
9952,0.2
9953,0.6
9954,0.1
9955,0.8
9956,0
9957,0.7
9958,0.9
9959,0.3
9960,0.7
9961,0.8
9962,0.2
9963,0.4
9964,0.2
9965,0.6
9966,0.8
9967,0.5
9968,1
9969,0.4
9970,0.6
9971,0.2
9972,0.4
9973,0.4
9974,0.4
9975,1
9976,0.6
9977,0.3
9978,0.1
9979,0
9980,0.1
9981,0.6
9982,0.1
9983,0.2
9984,0.4
9985,0.7
9986,0.7
9987,0.8
9988,0.4
9989,0.2
9990,1
9991,0.2
9992,0.1
9993,0.7
9994,0
9995,0.5
9996,0.4
9997,0.4
9998,0.3
9999,0.1
